Customer_ID,Age,Gender,Location,Num_Interactions,Feedback_Score,Products_Purchased,Products_Viewed,Time_Spent_on_Site,Satisfaction_Score,Retention_Status,Gender_Encoded,Location_Encoded,Retention_Status_Encoded
1,56,Male,Urban,11,4,18,38,18.31960576911088,7,Retained,1,2,1
2,69,Male,Suburban,10,3,2,17,9.015197609479504,6,Retained,1,1,1
3,46,Male,Urban,5,5,11,46,45.92157191912222,10,Churned,1,2,0
4,32,Female,Suburban,5,1,6,13,44.10505290723962,5,Churned,0,1,0
5,60,Male,Urban,14,5,8,46,17.897471272075155,1,Retained,1,2,1
6,25,Male,Rural,6,2,4,35,46.21584591982858,3,Retained,1,0,1
7,38,Male,Suburban,8,4,18,11,55.48124857014542,9,Churned,1,1,0
8,56,Female,Rural,10,4,11,8,10.941592662036859,1,Retained,0,0,1
9,36,Female,Suburban,6,2,5,23,17.795015111272622,5,Churned,0,1,0
10,40,Male,Rural,12,3,15,46,46.264343674802355,2,Retained,1,0,1
11,28,Male,Urban,1,3,18,34,20.097867042889305,4,Retained,1,2,1
12,28,Male,Urban,8,4,2,35,39.35651858560442,1,Retained,1,2,1
13,41,Male,Urban,8,4,11,39,9.464032345504299,3,Churned,1,2,0
14,53,Female,Suburban,9,1,13,25,29.87113635069463,10,Retained,0,1,1
15,57,Female,Rural,9,3,4,35,45.65002820961242,7,Retained,0,0,1
16,41,Female,Urban,2,2,7,23,42.758266867378886,10,Retained,0,2,1
17,20,Female,Rural,2,3,11,35,49.828965537169374,3,Churned,0,0,0
18,39,Male,Rural,3,1,4,36,53.25986696317429,4,Churned,1,0,0
19,19,Male,Urban,1,4,15,6,47.5250925692317,2,Retained,1,2,1
20,41,Male,Urban,4,4,1,14,41.93732586164093,3,Retained,1,2,1
21,61,Female,Rural,14,1,3,6,6.744737049881714,9,Retained,0,0,1
22,47,Male,Urban,4,2,14,6,34.42316703751942,3,Retained,1,2,1
23,55,Female,Urban,14,4,6,28,7.073374870316904,5,Retained,0,2,1
24,19,Female,Urban,9,5,18,21,49.44372994138124,2,Retained,0,2,1
25,38,Male,Suburban,9,4,1,36,22.639848845297667,4,Retained,1,1,1
26,50,Male,Rural,9,5,6,20,35.93361557648565,7,Retained,1,0,1
27,29,Male,Rural,10,1,6,20,20.369491902539643,7,Retained,1,0,1
28,39,Female,Suburban,7,1,16,43,48.03750794091615,3,Churned,0,1,0
29,61,Male,Rural,14,4,5,35,53.75763896530464,5,Retained,1,0,1
30,42,Female,Urban,2,3,17,47,26.92533718171852,1,Retained,0,2,1
31,66,Male,Rural,10,5,10,28,52.460731643104396,10,Retained,1,0,1
32,44,Female,Urban,5,2,18,5,19.68912541009828,10,Retained,0,2,1
33,59,Female,Suburban,4,4,7,15,34.40635076915381,10,Retained,0,1,1
34,45,Male,Urban,12,2,3,25,52.231878641128716,1,Churned,1,2,0
35,33,Female,Rural,11,4,13,8,22.92347384386847,5,Retained,0,0,1
36,32,Female,Rural,8,3,15,11,57.472324579294714,10,Retained,0,0,1
37,64,Male,Rural,2,3,19,30,11.703372597976099,9,Retained,1,0,1
38,68,Female,Suburban,6,3,3,16,6.005128834792843,1,Churned,0,1,0
39,61,Male,Suburban,13,3,4,35,54.72744439180049,1,Retained,1,1,1
40,69,Female,Rural,5,1,5,21,8.775676638132973,4,Retained,0,0,1
41,20,Male,Urban,12,1,1,37,59.55390577711204,4,Retained,1,2,1
42,54,Male,Suburban,2,5,4,15,57.32682740885084,2,Retained,1,1,1
43,68,Female,Rural,11,2,12,32,12.536150051997637,9,Churned,0,0,0
44,24,Female,Rural,10,4,10,36,34.56715441309112,9,Churned,0,0,0
45,38,Female,Suburban,1,4,13,5,15.170616360692938,2,Retained,0,1,1
46,26,Female,Suburban,8,1,14,32,28.54853451665659,9,Retained,0,1,1
47,56,Female,Suburban,2,4,5,46,8.378382109290797,6,Churned,0,1,0
48,35,Male,Urban,7,1,4,11,17.315852328812426,8,Retained,1,2,1
49,21,Female,Urban,9,5,14,6,24.980003801939475,10,Retained,0,2,1
50,42,Male,Rural,9,2,10,46,29.125612513533014,4,Churned,1,0,0
51,31,Male,Suburban,8,5,17,28,58.76229420148913,2,Churned,1,1,0
52,67,Female,Urban,11,3,10,8,49.432610512618965,2,Retained,0,2,1
53,26,Male,Suburban,14,3,7,48,45.55754693715704,9,Retained,1,1,1
54,43,Male,Rural,12,3,16,23,34.53727231080858,1,Retained,1,0,1
55,19,Male,Urban,10,5,1,30,51.19987683323889,7,Churned,1,2,0
56,37,Male,Urban,9,4,17,15,23.66275596106411,3,Retained,1,2,1
57,45,Female,Urban,2,2,9,44,43.989451202532386,3,Retained,0,2,1
58,64,Male,Rural,6,3,6,47,59.65811864579946,2,Retained,1,0,1
59,24,Female,Suburban,4,3,19,15,22.304589991435932,10,Retained,0,1,1
60,61,Female,Urban,14,3,13,49,42.0709644186182,6,Retained,0,2,1
61,25,Male,Rural,4,2,3,7,51.43731752838104,10,Retained,1,0,1
62,64,Female,Suburban,5,3,7,16,55.36941708428697,2,Retained,0,1,1
63,52,Female,Rural,12,2,9,7,44.4862980017056,10,Retained,0,0,1
64,31,Female,Suburban,3,3,5,46,20.598435787942492,4,Churned,0,1,0
65,34,Male,Rural,14,5,10,31,22.945518336292057,10,Retained,1,0,1
66,53,Female,Suburban,1,5,17,6,6.141691766818031,9,Churned,0,1,0
67,67,Female,Urban,8,2,12,20,46.84872877193303,9,Churned,0,2,0
68,57,Female,Suburban,5,5,16,6,7.350678333407325,6,Retained,0,1,1
69,21,Male,Rural,3,2,3,34,52.55587950315101,4,Retained,1,0,1
70,19,Female,Rural,10,5,9,24,11.526333796099633,7,Churned,0,0,0
71,23,Male,Suburban,14,5,15,42,14.453208167475834,1,Retained,1,1,1
72,59,Male,Urban,7,2,5,32,31.20895589577305,4,Retained,1,2,1
73,21,Male,Urban,7,4,13,29,45.58342283428083,5,Retained,1,2,1
74,46,Male,Suburban,1,5,14,36,12.645121285949273,8,Retained,1,1,1
75,35,Male,Suburban,12,3,15,14,29.203909128657415,2,Churned,1,1,0
76,43,Male,Rural,9,4,16,46,31.556820092555764,5,Churned,1,0,0
77,61,Female,Urban,2,2,13,44,16.675710291772525,6,Churned,0,2,0
78,51,Male,Suburban,5,4,17,37,11.355710717434746,5,Retained,1,1,1
79,27,Female,Urban,13,1,8,17,51.003150764210176,9,Retained,0,2,1
80,53,Female,Suburban,14,1,2,45,32.6356107369521,10,Retained,0,1,1
81,31,Male,Suburban,5,5,5,46,5.790967979128413,1,Retained,1,1,1
82,48,Female,Urban,14,5,6,41,49.16397157200071,3,Retained,0,2,1
83,65,Female,Suburban,8,3,12,20,58.943659297802164,2,Retained,0,1,1
84,32,Female,Suburban,14,4,18,49,38.325940747783605,3,Retained,0,1,1
85,25,Female,Rural,8,1,1,26,32.70396128962389,10,Retained,0,0,1
86,31,Male,Suburban,14,5,17,24,53.31287246747289,9,Retained,1,1,1
87,40,Female,Suburban,7,4,11,47,57.38842343265293,9,Retained,0,1,1
88,57,Male,Suburban,7,5,10,31,46.49953037463533,10,Retained,1,1,1
89,38,Female,Rural,12,5,19,45,29.499911135385833,2,Retained,0,0,1
90,33,Female,Urban,11,1,14,20,37.572176963229225,3,Retained,0,2,1
91,62,Male,Rural,6,1,10,38,43.55144507598996,4,Churned,1,0,0
92,35,Female,Rural,6,5,15,36,15.685046405099078,9,Churned,0,0,0
93,64,Female,Urban,11,2,19,30,29.59605677190409,3,Churned,0,2,0
94,41,Female,Rural,9,5,4,29,50.640169559450676,7,Retained,0,0,1
95,43,Male,Urban,6,5,2,6,41.009894167414366,3,Retained,1,2,1
96,42,Female,Rural,12,3,9,16,27.616223696651975,7,Retained,0,0,1
97,62,Male,Urban,13,3,10,44,41.484939370807474,7,Churned,1,2,0
98,58,Female,Suburban,13,3,11,13,11.502232663985293,9,Retained,0,1,1
99,46,Male,Rural,2,2,14,16,27.0823685810682,2,Churned,1,0,0
100,32,Male,Rural,2,2,7,30,48.6220695879681,6,Retained,1,0,1
101,62,Female,Rural,13,5,15,13,17.12798329251564,9,Churned,0,0,0
102,18,Female,Rural,5,3,19,14,15.227882915657974,2,Churned,0,0,0
103,42,Male,Suburban,4,2,15,36,57.29502629540373,2,Retained,1,1,1
104,24,Male,Rural,11,1,8,38,16.544369627242688,5,Retained,1,0,1
105,26,Female,Suburban,2,5,11,24,19.350521880759246,10,Retained,0,1,1
106,41,Male,Suburban,3,4,9,43,58.32887663973859,10,Retained,1,1,1
107,18,Female,Suburban,7,5,15,6,45.40897136457641,10,Retained,0,1,1
108,61,Female,Suburban,8,4,1,5,43.47780931629405,8,Retained,0,1,1
109,25,Female,Urban,12,3,1,40,51.910951112001975,9,Retained,0,2,1
110,41,Female,Urban,13,4,19,28,11.370269523023685,2,Retained,0,2,1
111,28,Male,Rural,6,3,3,31,43.8275930119004,5,Retained,1,0,1
112,68,Female,Urban,11,1,10,6,32.702873513053135,7,Retained,0,2,1
113,34,Male,Urban,5,4,8,35,50.60328521562769,6,Retained,1,2,1
114,25,Female,Rural,13,5,15,18,32.94779452658568,6,Retained,0,0,1
115,52,Male,Rural,1,3,10,6,39.11327448479017,7,Churned,1,0,0
116,52,Female,Rural,8,5,1,33,31.275816951974477,3,Retained,0,0,1
117,50,Male,Urban,3,2,18,19,31.298740795571426,3,Churned,1,2,0
118,22,Male,Urban,6,3,2,16,47.23834879340073,10,Retained,1,2,1
119,59,Female,Rural,3,4,19,41,39.571152035600576,9,Retained,0,0,1
120,56,Female,Suburban,7,3,13,32,39.82947608851757,8,Retained,0,1,1
121,58,Female,Rural,13,5,1,24,29.765536610733918,5,Retained,0,0,1
122,45,Female,Suburban,14,1,2,43,34.21102229856402,6,Retained,0,1,1
123,24,Male,Suburban,7,3,16,28,46.0144716412633,10,Retained,1,1,1
124,26,Female,Rural,12,4,15,25,50.42675055115551,1,Retained,0,0,1
125,25,Male,Rural,9,2,13,14,43.31087711792254,10,Retained,1,0,1
126,29,Male,Rural,5,1,16,18,55.82401438651257,1,Retained,1,0,1
127,51,Female,Urban,8,2,17,41,50.11782484809605,4,Churned,0,2,0
128,50,Male,Suburban,10,3,7,22,35.902508439523515,2,Retained,1,1,1
129,65,Male,Urban,10,5,17,28,41.927333995405526,7,Retained,1,2,1
130,40,Male,Urban,8,5,7,18,55.94695523066578,2,Churned,1,2,0
131,41,Male,Rural,1,4,13,38,39.05424243336821,10,Retained,1,0,1
132,54,Female,Urban,12,5,5,16,50.36438213889069,2,Churned,0,2,0
133,52,Female,Rural,5,1,17,26,42.88457769744929,5,Retained,0,0,1
134,61,Female,Suburban,3,5,3,10,35.35649985832566,4,Retained,0,1,1
135,57,Female,Rural,1,4,7,40,18.301100747844423,8,Churned,0,0,0
136,39,Male,Urban,4,3,17,49,28.429863570763548,4,Retained,1,2,1
137,44,Male,Urban,8,3,7,40,58.22585536585436,6,Churned,1,2,0
138,52,Female,Rural,3,5,1,26,41.177096079993,5,Retained,0,0,1
139,18,Female,Rural,10,2,17,18,36.04174591864443,2,Retained,0,0,1
140,52,Female,Urban,2,3,17,20,56.3126144040525,8,Churned,0,2,0
141,54,Male,Suburban,11,5,11,40,37.25814795705968,2,Retained,1,1,1
142,64,Female,Suburban,9,4,3,29,33.93453851295716,9,Churned,0,1,0
143,31,Female,Rural,10,5,15,36,46.76209703326129,9,Retained,0,0,1
144,20,Female,Suburban,5,3,11,37,44.196609044259944,3,Retained,0,1,1
145,18,Male,Urban,14,4,16,49,15.6238004624638,4,Retained,1,2,1
146,22,Male,Rural,7,5,9,40,30.921955101576664,8,Churned,1,0,0
147,43,Male,Urban,11,1,1,24,30.988349355077187,9,Retained,1,2,1
148,31,Male,Urban,11,4,16,22,25.80234833838396,3,Retained,1,2,1
149,56,Male,Suburban,2,1,9,42,33.45114151837392,5,Churned,1,1,0
150,44,Male,Rural,9,2,19,7,27.72090687499293,8,Churned,1,0,0
151,26,Male,Rural,13,4,12,27,15.964001920915072,3,Retained,1,0,1
152,32,Male,Suburban,9,1,19,36,27.680156800107458,7,Retained,1,1,1
153,32,Female,Urban,4,3,9,49,8.975232116524712,8,Retained,0,2,1
154,43,Female,Urban,4,3,7,20,36.66822245259264,10,Retained,0,2,1
155,59,Male,Urban,6,2,14,9,51.95100019176115,3,Retained,1,2,1
156,30,Male,Urban,10,4,19,8,44.89078963950054,2,Retained,1,2,1
157,68,Female,Rural,10,4,19,25,24.821672202976117,10,Retained,0,0,1
158,49,Male,Rural,10,4,2,44,9.78891630675195,7,Churned,1,0,0
159,56,Male,Suburban,6,2,9,18,16.11821695738989,9,Churned,1,1,0
160,66,Male,Suburban,12,4,13,43,35.00196872721597,1,Retained,1,1,1
161,69,Female,Rural,1,3,15,35,16.388139586066806,3,Retained,0,0,1
162,49,Female,Rural,14,1,3,18,34.91852112067321,5,Retained,0,0,1
163,21,Female,Urban,14,3,11,10,17.73794636201444,3,Retained,0,2,1
164,47,Female,Urban,9,3,14,16,51.690812821184004,1,Churned,0,2,0
165,54,Female,Suburban,2,1,8,20,26.849931006225283,7,Retained,0,1,1
166,40,Male,Rural,5,3,18,21,18.505284426947007,7,Retained,1,0,1
167,56,Female,Suburban,9,2,19,49,49.67793991358839,10,Retained,0,1,1
168,62,Male,Rural,4,1,16,27,23.85614306429979,8,Retained,1,0,1
169,32,Male,Urban,11,3,2,18,11.131822831133007,5,Retained,1,2,1
170,60,Female,Suburban,3,5,8,11,36.37252202720029,10,Retained,0,1,1
171,46,Female,Suburban,7,3,6,36,36.986031244089375,5,Retained,0,1,1
172,53,Male,Rural,6,2,12,19,44.30826213796538,5,Retained,1,0,1
173,30,Male,Urban,8,4,15,48,18.212068826461206,1,Churned,1,2,0
174,49,Male,Suburban,3,3,8,21,29.40742365007348,10,Churned,1,1,0
175,24,Female,Urban,5,4,4,45,20.530235547346095,5,Retained,0,2,1
176,68,Female,Suburban,10,5,15,48,9.452455486362847,6,Retained,0,1,1
177,39,Female,Urban,4,3,17,38,53.21376048587404,1,Retained,0,2,1
178,45,Female,Rural,13,1,13,9,45.08783924685876,7,Retained,0,0,1
179,19,Female,Suburban,4,4,18,49,21.58046827023404,1,Retained,0,1,1
180,59,Male,Suburban,4,5,2,31,37.96551460795925,2,Retained,1,1,1
181,62,Female,Urban,10,1,13,27,16.06950834739598,2,Retained,0,2,1
182,23,Male,Urban,8,1,13,44,53.9630141987674,5,Retained,1,2,1
183,45,Male,Suburban,6,1,15,18,11.319848884905067,10,Retained,1,1,1
184,45,Male,Rural,3,1,10,19,5.211043002929049,7,Retained,1,0,1
185,61,Female,Urban,10,3,3,47,32.61045087565502,1,Churned,0,2,0
186,61,Female,Urban,5,3,19,37,37.07203028990781,10,Retained,0,2,1
187,37,Female,Urban,6,3,3,35,36.843092616269246,1,Retained,0,2,1
188,47,Male,Suburban,5,5,14,39,7.998156009080446,1,Retained,1,1,1
189,28,Male,Suburban,6,5,8,21,22.272409380513785,6,Churned,1,1,0
190,45,Male,Suburban,8,5,4,32,32.455942076273246,2,Churned,1,1,0
191,42,Male,Suburban,7,2,11,23,16.91185520949825,1,Churned,1,1,0
192,56,Male,Rural,5,5,11,27,52.9944237017243,6,Retained,1,0,1
193,50,Male,Rural,10,3,11,36,9.791010920378872,2,Retained,1,0,1
194,18,Female,Suburban,6,3,2,44,31.806144291962358,6,Churned,0,1,0
195,44,Female,Rural,14,2,17,17,43.027883163223365,10,Retained,0,0,1
196,69,Female,Urban,4,2,9,24,19.396310507396535,8,Retained,0,2,1
197,30,Female,Urban,12,5,2,39,39.3332405348635,2,Churned,0,2,0
198,58,Male,Urban,9,4,15,9,50.6161832578306,9,Retained,1,2,1
199,20,Male,Suburban,13,2,16,13,15.468533630227615,8,Retained,1,1,1
200,56,Female,Urban,4,1,4,33,55.447132550367456,10,Retained,0,2,1
201,23,Male,Rural,1,3,8,10,35.44571929642969,1,Retained,1,0,1
202,25,Female,Suburban,7,1,9,29,21.457760236558332,7,Retained,0,1,1
203,44,Female,Rural,7,3,5,35,28.69720514602489,10,Retained,0,0,1
204,26,Female,Urban,4,3,16,26,22.17055360825134,6,Churned,0,2,0
205,54,Male,Urban,13,2,13,6,44.881113796332386,6,Retained,1,2,1
206,50,Female,Urban,14,2,7,49,48.79653648783227,6,Churned,0,2,0
207,68,Female,Suburban,3,1,17,9,50.81155657752636,6,Retained,0,1,1
208,59,Female,Rural,8,3,3,31,59.21725372721576,10,Retained,0,0,1
209,61,Male,Suburban,5,1,5,29,48.52063608731759,7,Churned,1,1,0
210,41,Male,Suburban,10,4,19,12,38.076123887870985,3,Churned,1,1,0
211,32,Female,Urban,7,1,12,5,23.65711641154811,6,Retained,0,2,1
212,49,Male,Suburban,4,5,7,24,34.95274967909121,3,Churned,1,1,0
213,49,Male,Suburban,4,1,9,48,7.258749503472298,7,Churned,1,1,0
214,41,Male,Urban,8,5,6,27,45.96537915414522,7,Churned,1,2,0
215,58,Male,Suburban,14,5,17,36,29.5275549800656,8,Retained,1,1,1
216,69,Male,Urban,8,5,16,15,6.1012776352703195,2,Churned,1,2,0
217,66,Male,Urban,2,4,3,43,8.437881783072594,9,Churned,1,2,0
218,66,Male,Urban,14,1,4,28,26.310655510196614,5,Churned,1,2,0
219,69,Male,Urban,2,1,10,15,37.08818354601393,9,Retained,1,2,1
220,29,Male,Suburban,3,4,5,33,30.531217192366967,10,Retained,1,1,1
221,56,Male,Urban,12,3,10,30,39.05623745106852,5,Retained,1,2,1
222,19,Female,Urban,12,2,12,20,31.416184233524568,7,Retained,0,2,1
223,20,Female,Suburban,3,1,10,39,41.39371150147407,9,Churned,0,1,0
224,66,Male,Suburban,1,2,13,24,17.05193355689405,4,Retained,1,1,1
225,54,Female,Rural,14,4,11,7,11.206375295099178,2,Retained,0,0,1
226,66,Female,Suburban,3,3,16,5,37.8038675044113,9,Churned,0,1,0
227,34,Male,Suburban,6,3,8,5,31.65792343149691,2,Retained,1,1,1
228,66,Male,Rural,8,3,8,21,6.477720972471442,3,Retained,1,0,1
229,19,Male,Suburban,13,4,8,6,25.92650370211697,10,Retained,1,1,1
230,19,Female,Suburban,12,5,13,33,10.836907202004753,2,Retained,0,1,1
231,45,Female,Suburban,14,5,2,24,34.22462574639823,3,Retained,0,1,1
232,40,Male,Suburban,10,2,12,10,26.76777238132369,6,Churned,1,1,0
233,54,Male,Rural,6,5,10,12,38.723355110665985,3,Retained,1,0,1
234,49,Male,Suburban,5,5,12,33,49.30812203236311,10,Retained,1,1,1
235,50,Female,Suburban,4,3,11,37,21.481777611281995,8,Retained,0,1,1
236,18,Female,Rural,3,3,15,7,57.915615729076514,6,Retained,0,0,1
237,36,Female,Urban,13,2,16,39,34.459897532316596,7,Retained,0,2,1
238,19,Female,Rural,4,1,17,9,39.00599393151334,1,Retained,0,0,1
239,61,Male,Urban,14,2,2,31,42.436980527415535,3,Retained,1,2,1
240,43,Male,Rural,7,2,18,48,41.67023414216744,3,Churned,1,0,0
241,49,Male,Rural,1,4,12,16,33.10339086747841,2,Retained,1,0,1
242,23,Male,Suburban,7,4,19,24,28.582036011307594,7,Retained,1,1,1
243,49,Female,Urban,1,2,18,49,7.958008029755785,9,Churned,0,2,0
244,21,Female,Suburban,2,2,17,24,6.214721491564886,4,Retained,0,1,1
245,28,Male,Urban,4,2,6,13,24.687865699302055,5,Retained,1,2,1
246,34,Male,Rural,1,5,15,43,23.351348984853097,3,Retained,1,0,1
247,55,Female,Rural,11,4,3,8,26.323233516145372,9,Retained,0,0,1
248,41,Male,Urban,12,2,6,23,12.61025104885045,4,Retained,1,2,1
249,22,Female,Suburban,11,3,3,42,45.5992548795264,5,Retained,0,1,1
250,69,Male,Suburban,11,3,1,31,52.13304281269314,1,Retained,1,1,1
251,51,Male,Suburban,9,5,13,49,56.629304945571924,2,Retained,1,1,1
252,23,Male,Suburban,12,5,14,47,32.079926693579424,9,Retained,1,1,1
253,39,Male,Rural,6,1,13,17,43.54761345189858,2,Retained,1,0,1
254,28,Male,Rural,13,1,4,17,52.055311788972986,5,Churned,1,0,0
255,65,Male,Rural,1,1,7,26,28.006011110141728,8,Churned,1,0,0
256,33,Male,Rural,1,5,10,32,22.01770371787444,3,Churned,1,0,0
257,50,Female,Rural,6,5,7,49,56.51985057194196,6,Retained,0,0,1
258,26,Female,Suburban,4,5,15,26,33.36221030923902,4,Retained,0,1,1
259,23,Female,Suburban,4,3,15,47,32.348963762498286,7,Retained,0,1,1
260,33,Female,Suburban,11,5,4,23,14.812885310992268,10,Retained,0,1,1
261,46,Female,Suburban,6,3,6,12,10.948525801534622,3,Retained,0,1,1
262,20,Male,Rural,14,1,5,12,51.31587743659314,6,Retained,1,0,1
263,37,Male,Rural,12,1,12,46,38.77732469031349,10,Retained,1,0,1
264,53,Female,Rural,11,1,1,30,22.920352121069676,9,Retained,0,0,1
265,36,Male,Urban,7,2,8,30,15.545491956464655,10,Churned,1,2,0
266,43,Female,Suburban,9,2,1,27,35.552350409329726,1,Retained,0,1,1
267,20,Female,Suburban,10,4,5,47,37.11556090936244,3,Retained,0,1,1
268,36,Male,Rural,5,4,6,17,16.3846480684782,2,Retained,1,0,1
269,37,Male,Suburban,9,4,3,32,51.827316134031065,8,Retained,1,1,1
270,49,Male,Suburban,4,2,15,13,9.63454013857181,7,Retained,1,1,1
271,24,Female,Rural,13,2,5,24,24.58511968415319,2,Retained,0,0,1
272,69,Male,Urban,10,4,14,23,42.421142756938714,6,Retained,1,2,1
273,58,Female,Urban,2,4,18,43,20.07662001005604,3,Churned,0,2,0
274,50,Female,Urban,3,5,16,16,50.52213571296995,8,Churned,0,2,0
275,57,Female,Rural,13,4,6,19,45.692730463022194,10,Churned,0,0,0
276,56,Male,Suburban,11,5,14,35,48.39625645014738,3,Churned,1,1,0
277,35,Male,Rural,1,3,8,18,11.550859473219395,10,Retained,1,0,1
278,57,Female,Rural,14,2,7,15,12.730092039754862,9,Retained,0,0,1
279,18,Male,Suburban,14,4,8,30,20.7560555759521,1,Retained,1,1,1
280,28,Male,Urban,6,2,13,46,33.49424408586586,5,Retained,1,2,1
281,45,Male,Urban,13,2,6,31,46.14088421846713,3,Retained,1,2,1
282,42,Female,Rural,6,2,18,15,51.00919899184969,6,Churned,0,0,0
283,67,Female,Urban,1,3,2,42,43.73844237764492,10,Retained,0,2,1
284,40,Male,Rural,11,1,8,38,56.07282848418511,2,Retained,1,0,1
285,48,Female,Rural,13,4,11,47,45.630893028876166,9,Retained,0,0,1
286,47,Male,Suburban,3,1,1,23,21.84473378525381,6,Churned,1,1,0
287,59,Male,Suburban,5,1,6,10,19.579470638621494,7,Retained,1,1,1
288,52,Male,Suburban,3,1,16,42,43.290584766559945,5,Churned,1,1,0
289,24,Male,Rural,10,2,12,46,15.607881277928785,9,Churned,1,0,0
290,33,Female,Suburban,3,5,11,32,10.099314594564845,1,Churned,0,1,0
291,43,Female,Urban,14,2,10,5,34.272258117090665,5,Churned,0,2,0
292,65,Female,Urban,10,2,3,39,50.190286337842544,10,Churned,0,2,0
293,69,Male,Rural,3,1,13,44,10.575891335842496,6,Retained,1,0,1
294,66,Male,Rural,5,2,3,12,48.55402280876511,7,Retained,1,0,1
295,19,Male,Suburban,13,1,15,11,49.63646023933514,4,Retained,1,1,1
296,18,Female,Rural,5,5,16,15,31.525070004484895,1,Retained,0,0,1
297,65,Male,Rural,4,4,13,43,8.152067050576775,8,Churned,1,0,0
298,29,Female,Urban,1,1,17,8,14.602441818595253,10,Retained,0,2,1
299,22,Female,Urban,5,5,3,29,43.90844513390628,4,Churned,0,2,0
300,54,Female,Suburban,10,4,11,16,44.147786974502225,3,Retained,0,1,1
301,49,Female,Rural,5,3,19,30,54.409540134221594,7,Retained,0,0,1
302,26,Female,Rural,4,1,11,42,37.047738060502056,2,Churned,0,0,0
303,58,Female,Urban,6,1,16,16,11.825905224257756,8,Retained,0,2,1
304,52,Male,Rural,10,3,3,47,11.677819802773467,6,Retained,1,0,1
305,36,Male,Urban,4,3,6,41,44.6622796546253,7,Retained,1,2,1
306,65,Female,Suburban,14,1,14,28,15.108156580934564,5,Retained,0,1,1
307,33,Female,Urban,7,3,18,20,23.061202478913295,9,Retained,0,2,1
308,20,Male,Rural,7,2,17,17,31.796660380705266,5,Retained,1,0,1
309,37,Female,Suburban,2,4,4,29,6.362068266688317,5,Retained,0,1,1
310,41,Female,Urban,3,4,15,8,18.685046486096255,3,Churned,0,2,0
311,50,Male,Urban,1,4,11,15,27.433928467900405,1,Churned,1,2,0
312,41,Female,Suburban,8,2,3,36,20.37999751712634,2,Retained,0,1,1
313,69,Female,Suburban,9,3,3,11,12.500368010716121,8,Retained,0,1,1
314,28,Female,Urban,4,5,16,15,45.04067417879086,1,Churned,0,2,0
315,66,Male,Rural,6,3,5,32,49.72312103423917,7,Retained,1,0,1
316,25,Male,Urban,9,1,10,45,19.161343687904868,5,Retained,1,2,1
317,53,Male,Suburban,6,4,19,27,47.593072203346686,3,Retained,1,1,1
318,55,Female,Urban,14,3,4,49,26.20544604207226,7,Churned,0,2,0
319,57,Female,Suburban,12,5,19,27,32.867718496970156,9,Retained,0,1,1
320,37,Male,Suburban,12,1,11,32,52.080059119123405,2,Retained,1,1,1
321,52,Female,Rural,12,2,2,47,46.24745249913243,8,Retained,0,0,1
322,65,Female,Suburban,9,2,10,30,49.281426822389776,9,Retained,0,1,1
323,42,Female,Suburban,4,5,11,29,12.526484162249625,3,Retained,0,1,1
324,52,Female,Rural,8,1,16,33,8.83456842085512,2,Retained,0,0,1
325,42,Female,Suburban,9,4,19,23,54.13726009983929,7,Churned,0,1,0
326,46,Male,Rural,4,3,11,37,26.330884826410188,5,Churned,1,0,0
327,35,Female,Rural,5,1,14,40,20.833382293832447,5,Retained,0,0,1
328,63,Male,Suburban,14,2,2,18,44.85829398440035,10,Retained,1,1,1
329,35,Female,Suburban,8,5,5,18,51.00285781189211,5,Retained,0,1,1
330,19,Male,Urban,12,5,5,39,52.43692920440655,4,Churned,1,2,0
331,52,Female,Rural,10,3,19,34,22.379842761887506,5,Churned,0,0,0
332,33,Male,Urban,14,5,12,32,51.871681516092075,4,Retained,1,2,1
333,58,Female,Suburban,6,5,18,21,7.251366940588996,6,Retained,0,1,1
334,53,Male,Urban,12,1,4,7,7.731382030284538,4,Churned,1,2,0
335,50,Female,Rural,7,4,17,20,39.2935557345785,2,Retained,0,0,1
336,21,Male,Urban,3,3,10,34,8.470850301355043,9,Retained,1,2,1
337,50,Female,Rural,7,1,6,33,22.853504268058884,2,Retained,0,0,1
338,31,Male,Suburban,12,4,14,49,42.00157924358082,9,Retained,1,1,1
339,38,Male,Suburban,14,1,11,19,23.54967928298245,10,Retained,1,1,1
340,65,Female,Rural,8,1,11,29,14.877987979205276,6,Churned,0,0,0
341,37,Female,Suburban,10,5,18,42,20.47428420196129,9,Retained,0,1,1
342,25,Male,Suburban,6,4,18,46,30.166643273773747,9,Retained,1,1,1
343,24,Female,Suburban,10,3,11,42,31.146222044551532,3,Retained,0,1,1
344,20,Male,Suburban,9,3,12,27,48.06501272409611,1,Retained,1,1,1
345,34,Male,Rural,13,4,5,29,46.25842761873319,1,Retained,1,0,1
346,50,Male,Urban,6,5,9,46,30.124979250587437,3,Retained,1,2,1
347,65,Female,Urban,12,2,9,11,51.511704200432426,5,Churned,0,2,0
348,29,Male,Suburban,9,1,10,26,11.283042622526771,3,Retained,1,1,1
349,68,Male,Urban,13,5,19,21,19.044434262589583,9,Retained,1,2,1
350,39,Female,Urban,4,4,1,22,50.53870549262383,9,Retained,0,2,1
351,39,Female,Suburban,8,1,7,45,25.78967212443842,3,Retained,0,1,1
352,63,Female,Suburban,11,3,4,14,58.96498573366132,3,Churned,0,1,0
353,47,Female,Urban,4,2,1,14,30.643930484030946,5,Retained,0,2,1
354,55,Male,Rural,2,3,15,11,48.55645926300702,2,Churned,1,0,0
355,55,Male,Suburban,10,4,8,42,27.126887276030455,6,Retained,1,1,1
356,62,Male,Rural,11,1,12,31,28.372443548433672,7,Churned,1,0,0
357,68,Male,Urban,9,4,18,37,26.058573100630092,9,Retained,1,2,1
358,25,Female,Suburban,5,1,15,5,44.549159128094644,6,Retained,0,1,1
359,44,Male,Rural,4,5,17,48,35.1134836232997,3,Retained,1,0,1
360,44,Male,Suburban,2,2,14,38,56.9077961252603,5,Retained,1,1,1
361,51,Female,Urban,1,5,14,8,18.798967409375763,4,Churned,0,2,0
362,38,Male,Rural,11,5,18,21,10.530950264589439,5,Churned,1,0,0
363,47,Male,Urban,7,4,18,8,26.629381680456838,8,Retained,1,2,1
364,50,Male,Urban,6,2,16,47,38.91919892057268,8,Retained,1,2,1
365,45,Male,Suburban,2,1,1,30,52.343941530352225,6,Retained,1,1,1
366,64,Male,Rural,8,1,11,8,24.04082876741802,1,Churned,1,0,0
367,50,Male,Urban,11,3,15,5,40.95827131184539,8,Retained,1,2,1
368,22,Female,Urban,4,1,12,11,24.26092745627705,8,Retained,0,2,1
369,65,Female,Rural,8,4,8,34,38.94707706469519,2,Retained,0,0,1
370,36,Male,Urban,7,5,6,13,53.6644370866858,4,Churned,1,2,0
371,21,Male,Urban,5,5,3,39,17.724670324267496,2,Retained,1,2,1
372,52,Female,Rural,10,5,13,12,27.233290315887153,4,Churned,0,0,0
373,66,Male,Rural,10,2,13,28,59.62958580363606,10,Churned,1,0,0
374,34,Male,Rural,12,1,2,23,52.770636553720344,7,Retained,1,0,1
375,61,Male,Rural,8,4,5,40,36.05519218429111,9,Retained,1,0,1
376,45,Female,Suburban,14,2,17,47,33.41451755198514,8,Churned,0,1,0
377,47,Male,Rural,9,3,6,31,20.653021026757454,9,Retained,1,0,1
378,46,Female,Suburban,5,4,2,36,33.44651852314412,8,Churned,0,1,0
379,63,Male,Suburban,10,4,4,18,51.6499824053971,2,Retained,1,1,1
380,23,Female,Suburban,5,4,11,22,42.68459823027793,7,Retained,0,1,1
381,52,Female,Urban,2,5,8,32,20.952421549789264,2,Churned,0,2,0
382,58,Male,Suburban,5,4,12,33,16.08051565794431,2,Retained,1,1,1
383,54,Female,Suburban,3,1,8,20,19.586469534825603,4,Retained,0,1,1
384,41,Male,Urban,7,4,11,39,14.33675607660546,1,Churned,1,2,0
385,46,Female,Urban,10,5,8,35,10.260238281304376,5,Retained,0,2,1
386,66,Male,Urban,5,4,8,8,28.052489594313023,6,Retained,1,2,1
387,63,Male,Rural,8,3,17,41,11.231478241904723,9,Retained,1,0,1
388,48,Female,Urban,1,3,16,21,14.455190674990739,10,Churned,0,2,0
389,52,Male,Urban,3,5,14,43,35.102857638671736,8,Churned,1,2,0
390,50,Male,Suburban,3,1,11,30,14.05296005347661,2,Retained,1,1,1
391,69,Female,Urban,9,1,7,43,8.513387208699656,1,Churned,0,2,0
392,38,Male,Rural,5,2,16,45,22.456386751533685,2,Churned,1,0,0
393,49,Male,Urban,12,5,13,8,17.11755042420821,7,Retained,1,2,1
394,40,Female,Rural,9,4,15,34,33.341785339690716,4,Retained,0,0,1
395,50,Female,Urban,13,5,16,34,10.630189652076513,10,Retained,0,2,1
396,20,Male,Urban,9,2,9,26,46.347393322563796,5,Retained,1,2,1
397,35,Male,Urban,1,5,3,15,54.84284356893262,7,Churned,1,2,0
398,42,Female,Urban,2,5,19,6,45.888934567590695,3,Churned,0,2,0
399,59,Female,Rural,5,2,5,48,34.30548705707668,10,Retained,0,0,1
400,48,Male,Rural,4,1,10,16,52.33673019838868,2,Retained,1,0,1
401,20,Female,Suburban,10,4,17,34,43.22051088798291,7,Retained,0,1,1
402,57,Male,Rural,9,2,15,40,5.580311734760442,5,Retained,1,0,1
403,63,Male,Urban,7,3,8,22,26.67495840259767,1,Retained,1,2,1
404,41,Male,Suburban,6,1,15,30,51.802354467374,1,Retained,1,1,1
405,67,Male,Suburban,7,3,14,11,24.02223718863981,9,Retained,1,1,1
406,49,Male,Suburban,1,1,7,5,6.936834543903792,5,Retained,1,1,1
407,64,Female,Urban,1,4,12,30,46.039880120374974,1,Churned,0,2,0
408,39,Female,Rural,8,4,17,27,49.11210486555777,7,Retained,0,0,1
409,40,Female,Urban,13,5,17,30,13.832653227381972,9,Retained,0,2,1
410,19,Female,Suburban,13,3,10,49,34.55372732637497,1,Retained,0,1,1
411,44,Male,Urban,2,1,19,10,15.557549144764916,10,Retained,1,2,1
412,59,Male,Urban,12,4,14,10,44.557893047428074,4,Retained,1,2,1
413,19,Male,Rural,10,2,11,48,19.93527503476171,3,Retained,1,0,1
414,43,Male,Rural,11,4,2,12,22.391831740983154,5,Churned,1,0,0
415,34,Female,Suburban,9,2,18,28,51.473396950205576,7,Retained,0,1,1
416,57,Male,Urban,7,1,7,26,31.197729371379737,8,Churned,1,2,0
417,50,Male,Urban,6,4,12,23,41.83649481700363,2,Churned,1,2,0
418,26,Female,Rural,1,4,2,41,27.13051778973572,7,Churned,0,0,0
419,60,Female,Urban,1,1,18,22,21.390377145656547,1,Retained,0,2,1
420,65,Female,Urban,2,4,6,35,39.40129332335638,7,Churned,0,2,0
421,56,Female,Urban,6,2,10,41,13.517166574335171,8,Retained,0,2,1
422,46,Male,Rural,14,4,15,34,25.514990956177463,2,Retained,1,0,1
423,59,Male,Suburban,6,3,5,46,16.497037056225725,9,Churned,1,1,0
424,43,Female,Suburban,2,5,3,37,43.268723181741,1,Retained,0,1,1
425,52,Male,Urban,1,2,5,14,56.931486109035916,6,Retained,1,2,1
426,67,Male,Suburban,10,3,8,41,59.75310324087265,1,Retained,1,1,1
427,42,Male,Rural,5,1,8,16,29.76522457428749,3,Retained,1,0,1
428,41,Female,Rural,5,2,8,34,18.889171430004446,6,Retained,0,0,1
429,30,Male,Suburban,2,5,12,31,29.355615371137826,3,Retained,1,1,1
430,24,Female,Suburban,6,5,8,43,51.59981754794981,8,Churned,0,1,0
431,53,Male,Urban,9,1,11,13,16.330312320362193,5,Churned,1,2,0
432,62,Male,Suburban,2,1,14,25,57.36526084091081,2,Churned,1,1,0
433,37,Male,Urban,10,2,8,16,23.802617283898304,4,Retained,1,2,1
434,18,Female,Urban,2,4,10,33,59.21920126976677,9,Retained,0,2,1
435,25,Male,Rural,3,1,7,37,51.123488814367924,4,Churned,1,0,0
436,63,Female,Rural,13,4,17,47,49.47137937810647,10,Churned,0,0,0
437,33,Female,Rural,7,3,4,19,22.484757057530597,10,Retained,0,0,1
438,31,Female,Rural,6,5,13,6,5.48274665713612,8,Retained,0,0,1
439,29,Male,Suburban,12,4,4,43,26.017309985429332,5,Retained,1,1,1
440,68,Male,Rural,8,5,5,48,21.599515331448153,10,Retained,1,0,1
441,40,Male,Suburban,8,4,4,22,7.056834472483851,1,Retained,1,1,1
442,32,Male,Rural,6,3,18,7,32.79508910782613,7,Churned,1,0,0
443,45,Female,Suburban,12,1,6,11,27.166722120550514,3,Retained,0,1,1
444,51,Female,Urban,11,3,2,47,39.90060572578386,10,Retained,0,2,1
445,19,Female,Suburban,10,1,11,22,39.16524772067458,8,Retained,0,1,1
446,49,Male,Suburban,3,1,14,48,11.641064974317406,3,Retained,1,1,1
447,40,Female,Rural,3,5,5,42,58.73310503696424,1,Retained,0,0,1
448,39,Male,Suburban,1,3,6,41,15.281228619279581,5,Retained,1,1,1
449,68,Female,Urban,7,4,10,37,29.49007136205875,2,Retained,0,2,1
450,42,Male,Urban,5,3,8,48,31.846464888855422,4,Churned,1,2,0
451,39,Male,Rural,4,5,14,35,49.718453846776605,1,Retained,1,0,1
452,39,Female,Urban,10,1,3,15,10.457627785205572,9,Retained,0,2,1
453,66,Female,Suburban,4,5,12,8,28.575435356469246,6,Retained,0,1,1
454,69,Female,Urban,14,2,16,22,39.567619362991216,8,Churned,0,2,0
455,59,Female,Rural,4,2,17,8,16.833559189323054,4,Retained,0,0,1
456,23,Male,Suburban,6,4,1,38,39.510734432134,9,Churned,1,1,0
457,32,Female,Rural,8,5,10,33,55.801566065230894,2,Retained,0,0,1
458,60,Female,Suburban,8,4,10,28,59.86349721449712,9,Churned,0,1,0
459,54,Female,Urban,5,4,2,26,6.784809223487164,5,Churned,0,2,0
460,50,Male,Rural,6,2,9,6,17.957352553457262,6,Retained,1,0,1
461,25,Male,Rural,4,4,13,48,22.06689136854336,3,Retained,1,0,1
462,61,Female,Suburban,12,2,16,10,26.951935524473136,4,Retained,0,1,1
463,61,Male,Rural,14,1,18,46,18.324143667162208,6,Churned,1,0,0
464,22,Female,Suburban,11,5,19,29,16.19183970054219,7,Retained,0,1,1
465,56,Male,Suburban,13,4,12,25,57.5004613329625,1,Retained,1,1,1
466,21,Male,Suburban,9,2,8,20,55.51868815237848,7,Churned,1,1,0
467,23,Male,Suburban,8,3,17,35,7.584587555171461,1,Churned,1,1,0
468,62,Male,Urban,10,4,15,18,23.634716188266648,5,Retained,1,2,1
469,49,Female,Suburban,12,1,10,43,27.283170452312365,6,Retained,0,1,1
470,69,Female,Rural,10,1,15,32,18.145799406626885,2,Retained,0,0,1
471,47,Female,Urban,1,3,15,36,39.58800933434965,10,Retained,0,2,1
472,64,Male,Rural,2,2,7,32,40.22094106543326,9,Retained,1,0,1
473,52,Female,Urban,9,4,13,13,51.77773255807284,10,Retained,0,2,1
474,57,Female,Suburban,8,2,17,49,45.74780976118698,6,Retained,0,1,1
475,69,Female,Urban,14,1,9,26,34.84153298312756,7,Churned,0,2,0
476,33,Male,Urban,3,2,8,36,40.94727235244309,10,Retained,1,2,1
477,30,Male,Rural,8,1,18,9,20.069382984865996,8,Retained,1,0,1
478,67,Male,Rural,12,2,13,27,37.61809044820467,10,Retained,1,0,1
479,59,Female,Suburban,1,3,16,9,31.90749901124556,1,Retained,0,1,1
480,47,Female,Urban,10,5,9,46,12.33394570240037,8,Retained,0,2,1
481,36,Female,Urban,4,3,12,36,18.339935212063388,4,Retained,0,2,1
482,34,Male,Urban,3,3,12,14,21.04313978968723,10,Churned,1,2,0
483,36,Male,Suburban,6,5,6,43,55.837026187890686,8,Retained,1,1,1
484,45,Female,Suburban,7,5,19,19,17.671265166223918,6,Retained,0,1,1
485,43,Male,Suburban,4,4,7,11,20.90841465508175,9,Churned,1,1,0
486,54,Male,Suburban,7,4,3,33,25.314477154918777,4,Retained,1,1,1
487,43,Male,Suburban,9,3,16,7,41.50585062439629,2,Churned,1,1,0
488,40,Male,Rural,11,3,18,23,11.503111585967728,2,Retained,1,0,1
489,26,Female,Urban,2,1,16,14,57.466986687157686,5,Churned,0,2,0
490,29,Male,Urban,11,1,7,32,52.606417105212046,10,Retained,1,2,1
491,18,Male,Urban,3,4,4,33,36.746884015492256,9,Churned,1,2,0
492,18,Male,Urban,5,4,8,19,42.07208270837262,3,Churned,1,2,0
493,64,Male,Urban,3,1,13,39,5.9163259184318795,8,Retained,1,2,1
494,51,Female,Urban,11,1,13,10,23.64196264416468,4,Retained,0,2,1
495,49,Female,Urban,8,2,17,16,48.761312686379306,6,Churned,0,2,0
496,65,Male,Urban,12,2,17,42,9.261563558581223,10,Retained,1,2,1
497,42,Male,Rural,10,1,5,17,20.527260881589612,6,Retained,1,0,1
498,57,Male,Urban,8,2,6,33,37.19132555838712,3,Retained,1,2,1
499,62,Male,Rural,8,5,19,23,19.1027165234418,5,Churned,1,0,0
500,18,Male,Suburban,12,4,13,7,56.36878857794856,3,Retained,1,1,1
501,33,Male,Urban,12,4,14,12,12.20822469423597,1,Retained,1,2,1
502,56,Female,Suburban,9,1,4,12,48.85668968492782,7,Retained,0,1,1
503,22,Male,Suburban,4,3,7,24,32.93717805485245,4,Churned,1,1,0
504,39,Female,Suburban,5,1,8,8,46.26819267009758,7,Churned,0,1,0
505,46,Female,Rural,5,2,13,25,22.08934305712961,3,Churned,0,0,0
506,20,Male,Suburban,8,3,6,7,33.29692812716213,5,Retained,1,1,1
507,29,Female,Suburban,7,2,6,49,52.1259442347747,5,Churned,0,1,0
508,43,Female,Suburban,9,5,3,12,30.678295451770744,2,Retained,0,1,1
509,33,Female,Urban,14,2,3,27,24.784592405064828,10,Retained,0,2,1
510,68,Female,Urban,8,5,13,20,34.48854624390049,2,Retained,0,2,1
511,54,Female,Rural,2,5,2,17,44.45495141700018,4,Retained,0,0,1
512,39,Female,Rural,10,2,16,7,29.395984002417652,4,Churned,0,0,0
513,46,Male,Urban,12,2,6,13,56.63823363282501,4,Retained,1,2,1
514,31,Female,Rural,4,5,8,18,21.222020322328813,6,Retained,0,0,1
515,45,Female,Urban,6,3,8,17,31.150498339301624,2,Churned,0,2,0
516,22,Female,Suburban,12,5,6,11,46.63102126377928,6,Churned,0,1,0
517,64,Male,Suburban,2,4,14,19,42.9016599772667,7,Retained,1,1,1
518,66,Female,Rural,7,5,3,11,52.500257882943586,10,Retained,0,0,1
519,47,Male,Urban,3,3,10,42,59.82450493746099,3,Churned,1,2,0
520,63,Female,Urban,13,4,3,38,28.477208083729927,8,Retained,0,2,1
521,69,Male,Rural,3,1,12,45,11.113298388082152,2,Retained,1,0,1
522,22,Male,Urban,11,1,17,26,6.672873444438238,8,Retained,1,2,1
523,29,Female,Suburban,2,3,5,28,44.97822983768744,5,Retained,0,1,1
524,33,Female,Rural,11,5,9,41,53.07075192197936,2,Churned,0,0,0
525,43,Male,Rural,8,2,7,48,17.139192226943027,7,Retained,1,0,1
526,43,Female,Urban,6,3,4,5,13.714642045444828,2,Retained,0,2,1
527,65,Male,Rural,1,4,13,14,8.421280033913003,6,Retained,1,0,1
528,38,Male,Urban,12,4,13,47,50.24866069444635,10,Retained,1,2,1
529,56,Male,Urban,1,1,10,20,22.126006694092137,3,Retained,1,2,1
530,53,Male,Urban,7,4,18,12,27.093329101787706,9,Retained,1,2,1
531,50,Male,Urban,8,3,17,29,32.651260538528675,3,Retained,1,2,1
532,47,Female,Urban,5,4,13,16,51.16992788152529,3,Retained,0,2,1
533,54,Male,Rural,12,3,17,29,40.79582718588167,5,Retained,1,0,1
534,40,Male,Suburban,11,2,4,21,38.82855464217962,7,Retained,1,1,1
535,27,Female,Suburban,5,1,1,30,14.661965497575089,8,Retained,0,1,1
536,22,Male,Rural,4,4,1,18,33.225444044040636,7,Retained,1,0,1
537,53,Female,Rural,14,3,15,45,44.34595594482604,9,Churned,0,0,0
538,51,Female,Suburban,6,5,13,40,58.529348566677044,5,Retained,0,1,1
539,69,Female,Suburban,14,1,17,27,16.07734700673437,10,Retained,0,1,1
540,48,Male,Suburban,6,2,8,47,5.524884418697465,3,Retained,1,1,1
541,27,Male,Suburban,3,3,18,10,9.141578847915836,6,Churned,1,1,0
542,36,Male,Suburban,9,2,13,9,25.67188558500886,5,Retained,1,1,1
543,49,Female,Urban,12,2,14,47,50.12995562602929,4,Churned,0,2,0
544,18,Male,Rural,11,4,8,29,5.392814497253477,2,Retained,1,0,1
545,22,Female,Urban,14,4,8,22,30.120182608721215,7,Churned,0,2,0
546,62,Male,Suburban,7,3,15,17,23.107683843776698,5,Churned,1,1,0
547,21,Female,Suburban,1,5,13,47,7.8864940554850165,4,Retained,0,1,1
548,33,Male,Suburban,13,3,7,18,29.76299576699395,8,Retained,1,1,1
549,41,Male,Urban,7,5,5,32,19.011178903519536,9,Retained,1,2,1
550,33,Male,Urban,5,2,17,22,24.353665889085356,9,Retained,1,2,1
551,19,Female,Suburban,5,1,16,32,43.808841763136115,3,Retained,0,1,1
552,66,Female,Urban,14,3,2,31,33.68530411510319,3,Retained,0,2,1
553,45,Male,Urban,13,3,18,36,11.855608594604734,5,Retained,1,2,1
554,49,Male,Suburban,2,5,17,13,57.87779972330015,5,Retained,1,1,1
555,44,Female,Urban,4,2,7,44,39.97509211403561,10,Retained,0,2,1
556,37,Female,Rural,12,2,13,36,47.12276341143924,2,Retained,0,0,1
557,41,Female,Rural,6,5,18,24,9.356723250460394,1,Retained,0,0,1
558,29,Male,Rural,10,2,14,32,7.588210870301039,8,Churned,1,0,0
559,67,Female,Rural,11,4,18,37,6.069642770244465,3,Retained,0,0,1
560,52,Male,Suburban,7,1,13,8,15.383671527539445,1,Churned,1,1,0
561,50,Female,Suburban,11,3,11,38,27.792461874517233,1,Retained,0,1,1
562,50,Male,Suburban,5,1,16,7,56.47043733715525,2,Retained,1,1,1
563,68,Female,Rural,9,3,17,30,30.138281259617695,6,Retained,0,0,1
564,60,Female,Rural,3,4,8,12,20.964030795489116,6,Retained,0,0,1
565,54,Female,Urban,1,2,19,10,35.906438943581485,3,Churned,0,2,0
566,29,Female,Urban,4,5,15,20,11.156401797413409,4,Retained,0,2,1
567,20,Female,Rural,9,4,9,28,38.522824005274074,2,Retained,0,0,1
568,18,Male,Rural,4,1,10,43,36.26375748817768,2,Churned,1,0,0
569,50,Female,Rural,2,5,12,34,48.55961683731403,7,Retained,0,0,1
570,57,Female,Rural,10,2,1,49,59.267818638936326,1,Churned,0,0,0
571,27,Female,Urban,14,4,9,17,18.79804094438608,7,Churned,0,2,0
572,60,Male,Rural,14,5,15,9,33.03110479420684,1,Retained,1,0,1
573,61,Female,Urban,5,4,1,29,54.9875973475452,6,Retained,0,2,1
574,46,Male,Rural,3,4,12,24,48.18544364325627,3,Retained,1,0,1
575,30,Female,Rural,13,2,3,22,31.807346670544415,8,Retained,0,0,1
576,29,Female,Rural,12,3,11,22,56.99544072881278,6,Retained,0,0,1
577,48,Male,Urban,13,5,2,6,8.148018143424515,2,Churned,1,2,0
578,63,Female,Urban,9,2,16,14,56.20492408419212,8,Churned,0,2,0
579,19,Male,Suburban,4,4,9,49,7.77790658105436,5,Retained,1,1,1
580,68,Male,Rural,6,2,15,16,35.101760926307634,8,Retained,1,0,1
581,67,Female,Suburban,2,3,12,17,53.97425214005972,8,Retained,0,1,1
582,52,Male,Suburban,6,5,1,15,19.449651895871654,6,Retained,1,1,1
583,40,Female,Urban,3,3,13,23,30.973667441983718,2,Churned,0,2,0
584,34,Female,Urban,12,1,14,39,22.838088352533163,8,Retained,0,2,1
585,43,Male,Suburban,12,5,8,43,57.36791543919932,6,Retained,1,1,1
586,25,Male,Rural,9,3,8,30,50.300507711419996,6,Retained,1,0,1
587,46,Male,Urban,11,4,12,18,43.995083122950874,8,Churned,1,2,0
588,43,Male,Rural,2,5,1,49,37.31948426383098,1,Retained,1,0,1
589,27,Female,Rural,12,5,11,48,50.13254841282814,2,Churned,0,0,0
590,43,Female,Suburban,12,2,8,28,26.57468728379509,9,Retained,0,1,1
591,51,Male,Suburban,9,4,10,45,29.615352030833403,8,Churned,1,1,0
592,68,Female,Suburban,5,1,19,5,45.15009465944738,7,Retained,0,1,1
593,58,Female,Suburban,8,3,11,47,24.676511981154285,7,Retained,0,1,1
594,24,Female,Urban,2,2,7,26,8.51455181266056,5,Churned,0,2,0
595,21,Female,Urban,6,3,11,27,9.088403488733931,2,Retained,0,2,1
596,67,Male,Suburban,3,1,17,23,11.344954071813714,6,Retained,1,1,1
597,62,Male,Urban,12,1,1,22,52.83247278390145,10,Retained,1,2,1
598,28,Female,Suburban,12,5,8,16,30.97245341659124,3,Churned,0,1,0
599,46,Male,Rural,14,1,6,32,44.20853031396051,4,Churned,1,0,0
600,53,Male,Rural,10,3,18,32,26.61001345826913,10,Retained,1,0,1
601,42,Male,Rural,5,4,6,37,19.229102107859898,2,Retained,1,0,1
602,38,Female,Suburban,12,4,5,23,24.095569215921657,2,Churned,0,1,0
603,53,Female,Rural,8,5,13,32,48.680028992445095,8,Retained,0,0,1
604,27,Female,Urban,10,3,19,41,39.3868868767291,8,Churned,0,2,0
605,54,Male,Rural,14,3,8,30,56.57018789768461,10,Retained,1,0,1
606,26,Female,Rural,1,1,9,39,42.38376282172587,6,Churned,0,0,0
607,41,Female,Rural,5,3,17,38,36.35998974650816,5,Churned,0,0,0
608,52,Male,Urban,3,2,3,39,38.56078049422089,8,Churned,1,2,0
609,66,Female,Suburban,4,1,19,44,56.830429170762805,4,Retained,0,1,1
610,52,Female,Urban,2,2,11,20,48.35105114266884,4,Retained,0,2,1
611,65,Male,Suburban,9,5,17,42,6.32226805515408,5,Retained,1,1,1
612,53,Male,Suburban,3,4,19,17,34.37768328746335,1,Retained,1,1,1
613,35,Male,Rural,2,5,2,27,42.858612635061064,1,Retained,1,0,1
614,66,Female,Suburban,10,4,8,26,46.17841631415353,2,Retained,0,1,1
615,56,Female,Urban,11,5,19,20,16.722816562266516,8,Churned,0,2,0
616,49,Female,Urban,9,3,7,32,52.69475449482437,7,Retained,0,2,1
617,41,Male,Suburban,7,2,17,39,57.571373094634005,10,Retained,1,1,1
618,40,Male,Rural,6,4,6,49,18.019341821467837,9,Retained,1,0,1
619,49,Female,Rural,1,1,19,12,53.54385016344852,5,Retained,0,0,1
620,54,Female,Urban,5,2,6,48,10.333831938385245,2,Retained,0,2,1
621,29,Male,Rural,12,1,2,26,8.063875986338484,7,Retained,1,0,1
622,66,Male,Suburban,11,2,6,25,12.107309005651215,8,Churned,1,1,0
623,30,Male,Suburban,14,2,5,30,8.175759370686979,7,Retained,1,1,1
624,40,Male,Urban,11,5,19,44,51.475673043567674,7,Retained,1,2,1
625,42,Female,Suburban,3,4,4,25,8.247757945204956,5,Retained,0,1,1
626,52,Male,Urban,1,4,17,29,19.941530525001053,2,Churned,1,2,0
627,58,Female,Suburban,4,2,11,45,10.706598894472101,6,Retained,0,1,1
628,47,Female,Urban,13,3,4,5,21.248211997257073,4,Churned,0,2,0
629,34,Female,Rural,2,3,13,10,9.980770718050627,10,Retained,0,0,1
630,66,Male,Suburban,2,1,17,27,41.74017879086577,2,Churned,1,1,0
631,37,Male,Suburban,3,1,9,27,12.332974898841634,9,Retained,1,1,1
632,65,Male,Urban,8,5,4,47,51.85152592113883,7,Retained,1,2,1
633,42,Male,Urban,8,2,14,47,49.945507789965255,6,Retained,1,2,1
634,39,Female,Suburban,12,1,19,27,5.751392700883518,5,Retained,0,1,1
635,30,Male,Urban,7,1,3,36,54.264949553331306,3,Retained,1,2,1
636,36,Male,Suburban,6,2,14,34,6.591937420885188,10,Churned,1,1,0
637,66,Female,Rural,9,5,8,17,18.180518172665614,10,Retained,0,0,1
638,53,Male,Urban,4,1,1,47,6.781402577679728,4,Churned,1,2,0
639,29,Female,Suburban,12,5,10,22,23.47139178716238,3,Churned,0,1,0
640,58,Female,Rural,1,4,18,27,33.26265891422994,8,Retained,0,0,1
641,36,Female,Rural,8,5,16,19,48.815467795832596,3,Churned,0,0,0
642,29,Female,Suburban,7,3,8,37,23.588985275840987,7,Retained,0,1,1
643,26,Female,Urban,7,3,1,25,43.80195135702142,7,Retained,0,2,1
644,24,Female,Suburban,3,5,12,43,15.31274514154392,7,Churned,0,1,0
645,45,Female,Rural,4,3,8,27,46.28291512092695,7,Retained,0,0,1
646,31,Female,Suburban,10,4,16,31,17.979813325008067,2,Retained,0,1,1
647,48,Male,Urban,9,2,18,49,12.894961576907235,10,Retained,1,2,1
648,69,Male,Rural,6,3,4,48,15.197486770572986,3,Retained,1,0,1
649,36,Male,Suburban,5,3,6,22,15.013472088502047,10,Churned,1,1,0
650,64,Male,Urban,3,5,12,28,33.20745836573451,9,Retained,1,2,1
651,33,Female,Rural,9,4,9,44,51.46386696534803,3,Retained,0,0,1
652,22,Male,Urban,5,2,15,46,9.37827923458781,2,Retained,1,2,1
653,52,Female,Rural,5,5,16,11,43.882597517138244,9,Retained,0,0,1
654,29,Male,Suburban,14,5,12,24,40.98905528090717,10,Retained,1,1,1
655,42,Male,Urban,4,4,14,31,52.98859735061493,9,Retained,1,2,1
656,69,Male,Rural,14,2,13,10,18.4281158278799,4,Retained,1,0,1
657,38,Female,Urban,4,4,2,31,29.75604222767663,9,Retained,0,2,1
658,53,Male,Urban,12,2,3,13,55.920505594393454,3,Churned,1,2,0
659,40,Female,Suburban,1,4,10,49,41.29963975744244,7,Retained,0,1,1
660,33,Female,Urban,7,5,9,35,26.38226270738783,7,Churned,0,2,0
661,56,Male,Rural,9,5,8,25,12.227681057039765,8,Churned,1,0,0
662,62,Male,Rural,3,1,10,30,19.436675434532507,10,Churned,1,0,0
663,59,Male,Rural,12,3,19,44,36.96685126191608,4,Churned,1,0,0
664,56,Female,Rural,13,4,3,49,44.49923711582826,3,Retained,0,0,1
665,31,Male,Suburban,2,1,5,17,11.843203776854143,3,Retained,1,1,1
666,48,Female,Urban,3,3,3,27,37.97784930242297,5,Retained,0,2,1
667,22,Female,Suburban,1,4,16,24,35.2693203361313,1,Retained,0,1,1
668,52,Male,Urban,6,2,17,41,33.26754956798894,10,Churned,1,2,0
669,40,Male,Urban,11,3,15,32,42.95677147251044,3,Retained,1,2,1
670,46,Female,Urban,11,5,3,21,51.0597277295904,6,Churned,0,2,0
671,60,Female,Suburban,7,1,12,32,22.76443257472776,3,Retained,0,1,1
672,28,Female,Urban,11,3,9,45,53.89567045610277,5,Churned,0,2,0
673,35,Male,Suburban,11,3,12,6,13.834848694020287,9,Retained,1,1,1
674,64,Female,Rural,2,5,15,29,14.51631283631404,2,Retained,0,0,1
675,29,Male,Rural,8,4,2,45,19.672463499315818,2,Retained,1,0,1
676,26,Female,Urban,14,2,18,10,11.574197825089279,6,Churned,0,2,0
677,27,Female,Suburban,6,5,12,15,17.667557357558266,6,Retained,0,1,1
678,61,Male,Rural,14,2,4,42,10.852646959656454,8,Churned,1,0,0
679,34,Female,Suburban,4,4,16,10,50.19638293419647,2,Churned,0,1,0
680,55,Male,Suburban,5,3,16,49,12.643294553764353,9,Churned,1,1,0
681,24,Male,Urban,8,2,1,15,46.10136566579212,2,Retained,1,2,1
682,63,Female,Rural,14,1,2,18,7.635262735233356,1,Churned,0,0,0
683,30,Male,Urban,3,1,3,6,57.16861801326533,10,Churned,1,2,0
684,57,Male,Urban,3,5,17,44,44.11380481402714,2,Retained,1,2,1
685,59,Female,Rural,14,4,1,7,5.373810172236148,7,Retained,0,0,1
686,26,Male,Rural,14,5,6,39,47.01210751101177,8,Retained,1,0,1
687,67,Male,Suburban,11,5,15,37,33.27450564214019,5,Retained,1,1,1
688,44,Male,Rural,4,5,14,28,47.86508436843159,6,Retained,1,0,1
689,19,Female,Suburban,1,1,15,23,33.73732448898237,1,Churned,0,1,0
690,22,Male,Suburban,9,1,14,22,40.256367169944504,6,Retained,1,1,1
691,46,Female,Suburban,8,5,5,28,48.24824104672722,8,Retained,0,1,1
692,54,Female,Rural,8,1,6,49,27.28094300233212,3,Churned,0,0,0
693,55,Male,Urban,14,4,17,39,5.148948240124865,1,Retained,1,2,1
694,36,Male,Suburban,10,5,11,5,51.747057276985366,4,Churned,1,1,0
695,25,Male,Urban,6,1,16,40,25.948969944356442,1,Retained,1,2,1
696,65,Female,Urban,7,2,12,29,32.28234993091207,8,Retained,0,2,1
697,62,Male,Rural,6,5,15,49,5.42716531846828,5,Retained,1,0,1
698,18,Male,Urban,9,5,4,47,32.065060569255394,1,Retained,1,2,1
699,39,Male,Urban,3,4,18,38,59.25680708644512,8,Retained,1,2,1
700,69,Male,Rural,14,3,3,29,20.30472134503233,9,Churned,1,0,0
701,34,Male,Suburban,3,3,8,20,26.748004863330795,10,Retained,1,1,1
702,24,Female,Urban,3,4,3,38,42.79544980577722,2,Churned,0,2,0
703,42,Female,Rural,10,4,8,33,49.81365171380123,9,Retained,0,0,1
704,62,Male,Urban,3,4,18,23,27.956539320335516,8,Retained,1,2,1
705,21,Male,Urban,9,3,10,27,22.03178787207109,7,Retained,1,2,1
706,53,Male,Suburban,12,4,17,23,56.58041899917869,3,Retained,1,1,1
707,23,Male,Urban,4,1,8,29,42.24297316694181,2,Churned,1,2,0
708,48,Female,Rural,13,5,11,20,11.54617174712276,7,Churned,0,0,0
709,36,Male,Urban,7,5,5,13,8.791033297405674,5,Churned,1,2,0
710,61,Female,Suburban,14,2,13,5,31.595241793470297,6,Retained,0,1,1
711,56,Female,Suburban,9,2,5,46,17.104953632599983,4,Retained,0,1,1
712,44,Male,Rural,11,5,13,23,18.96916143569394,2,Retained,1,0,1
713,27,Female,Suburban,12,1,6,37,53.27306983553165,9,Churned,0,1,0
714,43,Female,Urban,7,3,5,38,9.926131337397088,3,Retained,0,2,1
715,36,Female,Suburban,9,3,9,20,44.34502633758893,7,Retained,0,1,1
716,56,Female,Rural,12,1,16,48,19.912823935932344,8,Retained,0,0,1
717,20,Male,Suburban,3,3,2,44,46.81805217722757,2,Retained,1,1,1
718,62,Male,Suburban,4,4,1,22,44.732626145494955,6,Retained,1,1,1
719,30,Female,Suburban,14,5,8,38,5.406554579436117,8,Retained,0,1,1
720,67,Male,Rural,8,5,19,29,33.00244771068795,7,Churned,1,0,0
721,45,Male,Suburban,6,1,11,49,12.662571530792551,3,Churned,1,1,0
722,37,Male,Suburban,5,3,12,10,52.64248668182722,1,Retained,1,1,1
723,45,Male,Urban,13,2,12,25,52.93722355743236,6,Retained,1,2,1
724,25,Male,Rural,4,2,7,10,28.009019412156693,8,Retained,1,0,1
725,58,Female,Suburban,8,3,13,36,29.44175901480943,6,Churned,0,1,0
726,56,Male,Rural,1,2,8,45,21.68056166724899,5,Churned,1,0,0
727,18,Male,Suburban,14,1,9,47,44.4133464428017,8,Churned,1,1,0
728,20,Male,Suburban,9,1,7,43,24.726374966455253,2,Churned,1,1,0
729,30,Male,Suburban,1,3,15,35,19.728586098744856,1,Retained,1,1,1
730,45,Female,Urban,8,2,2,46,28.772708272747952,1,Churned,0,2,0
731,66,Female,Urban,4,1,12,14,10.03181351131023,4,Retained,0,2,1
732,42,Female,Urban,9,1,1,34,46.06317625543121,6,Retained,0,2,1
733,50,Female,Rural,14,4,8,22,5.692802069948283,9,Churned,0,0,0
734,55,Male,Rural,11,4,5,28,40.446678383632666,1,Retained,1,0,1
735,23,Female,Urban,5,1,15,13,15.057548971517983,1,Retained,0,2,1
736,61,Male,Rural,3,3,1,35,17.78222254179272,5,Retained,1,0,1
737,62,Male,Suburban,9,5,1,19,39.9597599252022,10,Retained,1,1,1
738,49,Male,Suburban,11,5,10,8,59.611890618059896,5,Churned,1,1,0
739,62,Male,Suburban,14,1,10,44,47.77446189899029,5,Retained,1,1,1
740,64,Male,Urban,14,1,15,13,17.421179772286557,10,Retained,1,2,1
741,38,Female,Rural,9,1,17,49,14.681361527262359,6,Retained,0,0,1
742,33,Female,Urban,4,3,6,13,52.642807864721874,8,Retained,0,2,1
743,38,Female,Rural,11,4,3,30,29.430117135682735,3,Retained,0,0,1
744,28,Female,Suburban,4,1,13,8,12.53790415554855,9,Retained,0,1,1
745,54,Male,Urban,12,1,16,21,52.4216282827066,1,Retained,1,2,1
746,53,Female,Rural,8,2,8,20,49.885079410284376,4,Churned,0,0,0
747,52,Male,Rural,2,3,15,19,59.11485001434399,9,Churned,1,0,0
748,36,Female,Suburban,9,1,17,39,55.03590276919761,8,Retained,0,1,1
749,37,Male,Urban,13,2,17,9,51.84846862632979,10,Retained,1,2,1
750,35,Male,Urban,14,5,13,9,7.891591879605173,9,Retained,1,2,1
751,64,Female,Urban,6,1,17,24,10.74284532239649,1,Churned,0,2,0
752,58,Male,Suburban,9,1,6,19,36.29407568672676,9,Retained,1,1,1
753,66,Male,Urban,8,2,17,22,34.23135854550014,3,Churned,1,2,0
754,31,Female,Suburban,7,3,16,6,30.187976796924453,10,Churned,0,1,0
755,32,Male,Suburban,13,1,14,33,26.823412897802132,9,Churned,1,1,0
756,48,Female,Suburban,14,5,13,17,28.71657666753809,1,Churned,0,1,0
757,18,Female,Rural,1,1,6,8,36.31138637741374,1,Retained,0,0,1
758,20,Female,Urban,14,5,3,46,5.114208468004467,9,Retained,0,2,1
759,33,Male,Urban,12,4,14,49,19.338982577306872,6,Churned,1,2,0
760,40,Male,Suburban,3,4,14,14,33.50538463787911,4,Retained,1,1,1
761,28,Male,Suburban,11,5,15,35,44.721885427050545,7,Retained,1,1,1
762,29,Female,Urban,14,3,8,45,14.578618081746798,5,Retained,0,2,1
763,27,Male,Suburban,2,1,15,12,35.07846455830881,10,Retained,1,1,1
764,49,Female,Urban,5,1,13,7,44.295282613717994,7,Churned,0,2,0
765,33,Female,Rural,5,4,17,13,29.454521185264756,8,Retained,0,0,1
766,25,Male,Suburban,5,5,3,34,6.489462351852808,8,Retained,1,1,1
767,55,Female,Urban,4,1,6,15,29.70974871561002,1,Churned,0,2,0
768,29,Male,Suburban,5,1,5,39,21.30446882592842,8,Churned,1,1,0
769,41,Male,Urban,3,3,17,41,56.13072842357306,6,Retained,1,2,1
770,45,Male,Urban,12,2,2,46,11.853736212308004,4,Retained,1,2,1
771,25,Male,Suburban,1,4,15,17,40.88617755289777,8,Retained,1,1,1
772,45,Male,Rural,5,4,5,40,7.899587148397563,3,Retained,1,0,1
773,53,Female,Urban,13,2,6,17,29.53937407969831,4,Retained,0,2,1
774,43,Female,Urban,9,1,6,16,35.468871797104434,6,Retained,0,2,1
775,25,Female,Urban,13,3,18,41,21.3875212224276,7,Churned,0,2,0
776,67,Male,Rural,9,3,18,14,30.029159953621143,4,Retained,1,0,1
777,45,Male,Rural,4,4,4,13,13.995458699160306,4,Retained,1,0,1
778,45,Male,Suburban,3,3,17,11,21.72681172074199,7,Retained,1,1,1
779,54,Female,Rural,1,2,14,6,39.16084787006117,6,Retained,0,0,1
780,58,Male,Suburban,2,1,14,27,21.59900307236353,8,Churned,1,1,0
781,53,Female,Suburban,8,2,13,43,54.48586931248794,1,Retained,0,1,1
782,44,Female,Rural,1,5,7,44,39.562382670254436,10,Retained,0,0,1
783,34,Male,Suburban,8,4,12,43,29.125696013979145,7,Retained,1,1,1
784,26,Male,Rural,13,3,15,25,7.131631455480036,7,Churned,1,0,0
785,50,Female,Suburban,7,5,19,27,32.47515843625692,7,Retained,0,1,1
786,37,Male,Rural,8,3,11,33,47.06269331687991,7,Retained,1,0,1
787,30,Female,Rural,12,1,15,18,19.60566789068275,10,Retained,0,0,1
788,45,Male,Suburban,6,1,12,30,49.372546330682205,10,Churned,1,1,0
789,65,Male,Urban,12,1,3,9,18.849372132798482,8,Retained,1,2,1
790,46,Female,Suburban,14,3,17,35,50.30605133729402,9,Retained,0,1,1
791,30,Male,Rural,9,5,3,29,9.689758788642257,9,Retained,1,0,1
792,63,Female,Urban,3,1,19,35,52.64010398779662,2,Retained,0,2,1
793,52,Male,Suburban,10,5,4,24,32.455254801333176,7,Churned,1,1,0
794,23,Female,Suburban,4,3,3,48,21.30956742911441,7,Churned,0,1,0
795,35,Female,Suburban,13,5,16,21,19.58122877283318,4,Retained,0,1,1
796,68,Male,Urban,6,3,12,49,28.760580741169946,9,Retained,1,2,1
797,22,Female,Rural,8,3,8,6,59.947722395700474,8,Retained,0,0,1
798,64,Male,Suburban,5,4,17,29,17.11800663906704,1,Retained,1,1,1
799,42,Male,Suburban,3,3,7,17,10.676915688344979,2,Retained,1,1,1
800,19,Male,Suburban,6,3,11,43,37.17693427952641,2,Retained,1,1,1
801,27,Female,Suburban,4,2,18,32,31.869835654214143,8,Retained,0,1,1
802,47,Female,Suburban,9,1,1,46,33.830794908481906,1,Retained,0,1,1
803,67,Male,Rural,13,4,3,10,41.68144796564694,4,Churned,1,0,0
804,62,Male,Rural,3,4,4,7,19.692923842885712,10,Churned,1,0,0
805,22,Female,Suburban,4,4,13,39,55.08657474611387,5,Churned,0,1,0
806,50,Male,Urban,7,2,6,22,28.96196363672597,9,Retained,1,2,1
807,18,Male,Rural,7,3,14,15,12.099740732835398,7,Churned,1,0,0
808,35,Female,Urban,12,1,5,24,45.82643162036694,8,Retained,0,2,1
809,49,Male,Rural,12,5,16,9,40.370739393981765,9,Retained,1,0,1
810,64,Female,Suburban,4,3,15,23,22.36588713662204,7,Churned,0,1,0
811,66,Male,Rural,6,2,15,26,39.18352982187267,5,Retained,1,0,1
812,28,Female,Suburban,12,3,4,23,17.092407600293726,5,Retained,0,1,1
813,38,Male,Rural,13,3,8,20,29.466164763729125,10,Retained,1,0,1
814,43,Male,Suburban,3,2,16,28,54.46768871920289,6,Retained,1,1,1
815,42,Female,Suburban,6,4,16,45,12.344382823841219,5,Retained,0,1,1
816,39,Male,Suburban,12,4,4,8,26.26830474931041,9,Retained,1,1,1
817,44,Female,Suburban,2,1,13,19,50.1628333596191,3,Churned,0,1,0
818,66,Male,Urban,8,1,13,29,58.3219994673398,3,Retained,1,2,1
819,30,Female,Suburban,2,4,2,48,29.965937503198774,7,Retained,0,1,1
820,50,Female,Urban,11,5,3,39,32.88497910788411,7,Retained,0,2,1
821,51,Female,Urban,7,3,8,18,36.469457898107336,6,Retained,0,2,1
822,58,Female,Suburban,9,5,15,23,56.27914778985409,3,Churned,0,1,0
823,52,Male,Urban,1,3,11,42,52.20137350373664,7,Retained,1,2,1
824,18,Male,Rural,8,4,9,40,14.383061854190439,5,Retained,1,0,1
825,38,Female,Suburban,7,1,7,11,29.021679981589127,7,Retained,0,1,1
826,65,Female,Urban,6,1,13,34,30.520023550803444,2,Churned,0,2,0
827,23,Female,Suburban,6,5,2,23,48.400286140681615,6,Churned,0,1,0
828,45,Male,Suburban,6,1,8,29,38.15910854329894,8,Retained,1,1,1
829,34,Male,Suburban,9,4,7,20,40.98212541159571,1,Retained,1,1,1
830,22,Male,Urban,2,5,12,44,59.90099492160897,4,Retained,1,2,1
831,48,Male,Rural,1,3,19,12,9.122802390850719,1,Retained,1,0,1
832,22,Female,Rural,13,1,7,22,17.265540294355315,1,Retained,0,0,1
833,55,Female,Urban,12,2,10,32,27.434276555435076,10,Churned,0,2,0
834,20,Female,Suburban,6,1,16,20,24.128032167688794,8,Retained,0,1,1
835,40,Male,Urban,10,3,3,23,6.1905058740840975,7,Churned,1,2,0
836,54,Male,Urban,11,5,10,46,10.04776835591467,10,Retained,1,2,1
837,54,Male,Urban,8,3,6,21,42.45243102719669,1,Retained,1,2,1
838,27,Female,Suburban,3,2,18,49,53.362845484940834,2,Retained,0,1,1
839,27,Female,Urban,12,4,18,17,33.282485619628766,4,Retained,0,2,1
840,36,Male,Suburban,10,1,5,11,34.655509373249814,1,Retained,1,1,1
841,34,Female,Urban,1,5,7,31,19.030138805780865,3,Retained,0,2,1
842,38,Male,Rural,9,4,2,14,47.23319999985412,8,Retained,1,0,1
843,31,Male,Urban,13,3,11,38,46.3487023051991,8,Retained,1,2,1
844,26,Female,Urban,13,5,13,40,37.36011290697112,8,Retained,0,2,1
845,63,Male,Rural,1,4,5,29,16.696535758123858,6,Retained,1,0,1
846,18,Female,Suburban,3,5,6,10,10.33600200303992,6,Retained,0,1,1
847,68,Male,Suburban,8,2,14,28,8.533121672141924,5,Retained,1,1,1
848,62,Female,Urban,14,2,12,22,37.59828366535828,9,Retained,0,2,1
849,30,Female,Rural,3,1,4,27,50.376942552854004,4,Retained,0,0,1
850,21,Female,Suburban,13,1,6,10,52.208173747950866,10,Churned,0,1,0
851,18,Male,Urban,4,2,10,33,30.49921408888974,7,Churned,1,2,0
852,66,Male,Rural,8,5,18,29,48.13492146186943,1,Retained,1,0,1
853,57,Female,Suburban,1,2,15,21,57.078410798756295,9,Retained,0,1,1
854,49,Female,Suburban,13,1,8,28,20.13435618684374,7,Retained,0,1,1
855,51,Male,Rural,13,2,9,15,26.887819050941644,10,Churned,1,0,0
856,45,Male,Rural,6,2,5,30,56.231344592817436,9,Retained,1,0,1
857,48,Male,Rural,1,5,10,38,23.602703202450666,7,Retained,1,0,1
858,25,Female,Rural,14,4,6,32,55.2631959676988,2,Churned,0,0,0
859,56,Male,Urban,1,1,16,7,58.95746742399562,6,Retained,1,2,1
860,43,Male,Rural,14,5,3,15,41.39959007159336,10,Retained,1,0,1
861,51,Female,Suburban,8,2,10,42,49.928965922729255,4,Retained,0,1,1
862,20,Male,Suburban,11,2,11,18,46.22500603215968,3,Retained,1,1,1
863,67,Male,Urban,4,4,11,30,43.47438416885381,2,Churned,1,2,0
864,29,Male,Suburban,12,1,17,25,21.88120901396779,6,Churned,1,1,0
865,18,Female,Suburban,1,1,4,43,8.140188584936904,8,Retained,0,1,1
866,61,Female,Rural,10,3,4,34,23.86784528858078,6,Retained,0,0,1
867,22,Female,Suburban,7,1,17,12,41.681479186214865,9,Retained,0,1,1
868,47,Female,Urban,5,4,9,24,10.639105902529076,5,Retained,0,2,1
869,47,Female,Rural,5,3,19,36,5.655489063803315,2,Retained,0,0,1
870,34,Female,Rural,1,3,5,26,12.683080493161626,8,Retained,0,0,1
871,65,Female,Urban,14,2,6,11,44.36547595259374,9,Retained,0,2,1
872,64,Male,Rural,10,2,3,13,58.50365359110442,10,Retained,1,0,1
873,40,Male,Rural,11,1,1,49,59.06855847881513,4,Retained,1,0,1
874,32,Female,Urban,6,3,16,5,32.16885320271034,6,Retained,0,2,1
875,54,Male,Rural,14,2,11,33,52.814376554579106,10,Retained,1,0,1
876,38,Male,Urban,9,4,13,12,45.525455066332725,8,Retained,1,2,1
877,31,Female,Urban,9,2,10,8,32.55721303415319,9,Retained,0,2,1
878,19,Male,Suburban,8,2,3,39,36.50182931252977,5,Retained,1,1,1
879,28,Male,Suburban,5,3,9,7,12.54749306392791,6,Retained,1,1,1
880,68,Male,Rural,1,3,12,49,56.571380333912565,4,Retained,1,0,1
881,56,Male,Rural,9,5,14,44,24.356137390247724,5,Retained,1,0,1
882,55,Male,Urban,1,4,1,11,29.538209105144322,7,Retained,1,2,1
883,51,Female,Rural,8,3,18,31,41.94131270488443,9,Retained,0,0,1
884,55,Female,Urban,5,1,17,5,23.364635933960468,10,Churned,0,2,0
885,67,Female,Urban,3,4,9,31,18.984253854391177,6,Retained,0,2,1
886,51,Male,Rural,11,4,9,20,39.707716629862134,6,Retained,1,0,1
887,35,Female,Urban,7,3,10,42,6.37412452550172,8,Retained,0,2,1
888,47,Male,Suburban,7,4,19,11,44.639881161467336,4,Retained,1,1,1
889,32,Male,Rural,9,3,15,48,33.271285343208035,3,Retained,1,0,1
890,44,Male,Suburban,7,2,5,27,38.316455178651395,7,Retained,1,1,1
891,68,Male,Rural,13,5,15,45,39.75340875857868,5,Retained,1,0,1
892,51,Female,Urban,11,2,2,15,33.987758607091,2,Retained,0,2,1
893,69,Female,Rural,14,3,13,46,37.03935775924048,2,Retained,0,0,1
894,55,Male,Suburban,3,3,16,37,42.6083510489431,6,Retained,1,1,1
895,50,Female,Urban,11,2,15,40,46.42153659488208,8,Churned,0,2,0
896,41,Male,Rural,13,1,10,41,45.00988152073663,1,Retained,1,0,1
897,32,Female,Rural,14,1,14,45,52.82890517527439,6,Churned,0,0,0
898,47,Female,Rural,13,1,10,21,15.419388824207152,2,Churned,0,0,0
899,59,Male,Suburban,1,3,14,39,27.063138322048864,2,Retained,1,1,1
900,68,Female,Suburban,8,4,9,9,57.12878363079514,7,Retained,0,1,1
901,34,Male,Rural,12,3,14,36,26.812481591248133,10,Retained,1,0,1
902,22,Female,Urban,3,4,3,7,11.867854229825745,1,Churned,0,2,0
903,46,Male,Urban,12,2,16,39,33.899481949919874,6,Churned,1,2,0
904,21,Male,Suburban,8,5,2,18,11.022003490495418,7,Retained,1,1,1
905,27,Female,Urban,8,4,10,35,16.156928130032586,8,Churned,0,2,0
906,34,Female,Suburban,13,1,3,35,59.90753161140262,7,Retained,0,1,1
907,27,Male,Rural,5,3,11,21,34.77494511178726,6,Retained,1,0,1
908,34,Female,Suburban,13,2,11,28,20.623211397223596,9,Churned,0,1,0
909,37,Female,Suburban,12,1,13,27,59.71262250156484,3,Churned,0,1,0
910,41,Male,Rural,13,2,7,22,58.160740520532876,6,Retained,1,0,1
911,22,Male,Urban,1,5,17,18,29.240647259634496,4,Churned,1,2,0
912,51,Female,Suburban,13,3,2,19,19.322170983334964,2,Churned,0,1,0
913,23,Male,Suburban,10,3,12,19,51.11198009507045,1,Churned,1,1,0
914,19,Male,Rural,7,5,10,10,44.35913943344821,1,Churned,1,0,0
915,30,Male,Urban,12,3,18,31,42.781778925193066,10,Churned,1,2,0
916,60,Female,Suburban,10,4,11,19,54.12125577273599,3,Retained,0,1,1
917,60,Female,Rural,5,2,16,40,42.91794236292286,4,Churned,0,0,0
918,65,Male,Suburban,8,1,17,12,20.608886867285204,2,Retained,1,1,1
919,28,Female,Rural,9,5,19,19,43.16247390316528,1,Churned,0,0,0
920,68,Male,Urban,11,4,18,7,21.81974312060152,4,Retained,1,2,1
921,64,Female,Urban,14,1,3,17,46.75814388113473,7,Retained,0,2,1
922,40,Male,Urban,7,1,16,45,39.08613199703613,10,Retained,1,2,1
923,33,Male,Urban,14,5,6,38,9.25763535916128,6,Retained,1,2,1
924,48,Female,Suburban,13,4,12,28,33.20594493393281,6,Retained,0,1,1
925,28,Male,Suburban,7,1,11,44,23.881553305765753,9,Churned,1,1,0
926,33,Female,Urban,1,1,15,36,23.071384800276185,2,Churned,0,2,0
927,25,Female,Urban,4,4,15,36,38.12409663074915,4,Retained,0,2,1
928,21,Male,Urban,2,3,16,34,22.72786534581837,5,Churned,1,2,0
929,57,Male,Suburban,2,1,10,17,47.72915615126799,1,Churned,1,1,0
930,21,Female,Urban,2,2,12,5,8.893528980614594,8,Retained,0,2,1
931,42,Male,Urban,4,4,13,38,41.3213538817704,8,Retained,1,2,1
932,20,Male,Urban,14,1,4,19,49.50571420112077,6,Churned,1,2,0
933,49,Male,Rural,1,5,7,48,42.00574294562365,5,Retained,1,0,1
934,20,Male,Urban,4,2,2,18,32.347605726099765,8,Churned,1,2,0
935,44,Male,Rural,2,1,15,33,57.266885755489966,3,Churned,1,0,0
936,46,Female,Rural,5,2,8,38,21.496616938893496,3,Churned,0,0,0
937,49,Female,Urban,3,2,7,22,6.054233813873777,2,Retained,0,2,1
938,67,Male,Rural,12,3,15,11,28.75941543048925,5,Retained,1,0,1
939,68,Male,Urban,8,2,14,33,6.815656474517999,3,Retained,1,2,1
940,36,Male,Suburban,4,3,8,35,57.46652138895248,3,Retained,1,1,1
941,38,Female,Suburban,1,4,12,29,16.545492516142833,6,Retained,0,1,1
942,22,Male,Suburban,1,3,13,42,48.39098631718837,8,Retained,1,1,1
943,35,Female,Suburban,12,5,11,18,47.60146457459007,2,Retained,0,1,1
944,45,Female,Rural,10,1,17,12,16.975089482561344,4,Churned,0,0,0
945,59,Female,Urban,3,4,17,31,39.1674591764092,7,Retained,0,2,1
946,39,Male,Urban,9,4,4,6,7.6443432667547615,1,Retained,1,2,1
947,38,Female,Urban,7,5,8,21,31.59660221371271,1,Retained,0,2,1
948,23,Male,Suburban,2,3,5,41,5.8055919999867704,10,Retained,1,1,1
949,18,Female,Suburban,13,1,16,18,55.6629134099463,7,Retained,0,1,1
950,22,Male,Urban,9,3,4,29,58.68473133097644,7,Churned,1,2,0
951,58,Female,Suburban,10,2,15,34,17.22555216512219,1,Retained,0,1,1
952,29,Male,Urban,2,3,12,33,16.445831902800503,1,Churned,1,2,0
953,43,Female,Urban,3,4,5,24,46.45460971091713,4,Retained,0,2,1
954,63,Male,Urban,11,1,16,25,18.935866935613397,5,Churned,1,2,0
955,51,Male,Urban,13,3,14,26,54.22921075390148,5,Churned,1,2,0
956,66,Male,Urban,10,1,10,39,36.566102486764024,4,Churned,1,2,0
957,31,Male,Urban,14,1,7,41,24.292769265567166,8,Churned,1,2,0
958,43,Female,Urban,2,2,13,20,50.7981560492181,7,Churned,0,2,0
959,62,Female,Suburban,3,2,5,47,32.137368522736736,9,Churned,0,1,0
960,44,Male,Urban,6,4,3,21,55.139810253966154,7,Retained,1,2,1
961,26,Female,Urban,9,5,15,20,56.04078302011595,10,Retained,0,2,1
962,43,Male,Suburban,9,1,4,6,14.098108367062514,1,Retained,1,1,1
963,64,Male,Suburban,7,5,15,8,5.127787337256165,7,Retained,1,1,1
964,39,Female,Suburban,12,4,14,25,59.116201707832126,1,Retained,0,1,1
965,64,Male,Urban,3,1,19,43,54.83756448701136,7,Retained,1,2,1
966,47,Male,Rural,4,1,13,38,8.049487963711277,10,Churned,1,0,0
967,60,Female,Rural,6,5,10,34,50.81688451675885,8,Churned,0,0,0
968,65,Male,Suburban,11,3,5,10,30.179271290756365,9,Retained,1,1,1
969,34,Male,Rural,5,2,6,21,19.242888276373638,3,Retained,1,0,1
970,43,Male,Suburban,2,3,4,43,53.33105880223114,4,Churned,1,1,0
971,53,Male,Urban,13,5,2,29,15.8166977814669,4,Retained,1,2,1
972,18,Female,Rural,6,2,16,9,57.10149996810368,9,Churned,0,0,0
973,25,Female,Urban,3,3,18,9,16.30918182346376,7,Retained,0,2,1
974,66,Female,Rural,14,2,5,24,38.7525753250809,3,Retained,0,0,1
975,52,Male,Urban,8,1,4,20,17.269748399093615,10,Retained,1,2,1
976,69,Male,Rural,2,3,13,45,35.011776573274915,5,Churned,1,0,0
977,32,Female,Urban,1,2,19,41,42.618632145332775,7,Retained,0,2,1
978,64,Male,Urban,9,2,2,44,15.462536195107566,8,Retained,1,2,1
979,39,Male,Rural,14,2,13,13,33.648718048537354,1,Retained,1,0,1
980,31,Male,Urban,12,3,11,9,30.798285941456545,2,Retained,1,2,1
981,43,Male,Urban,3,4,4,46,8.907058177183767,7,Churned,1,2,0
982,45,Female,Urban,11,3,15,6,50.00692997214166,2,Churned,0,2,0
983,40,Female,Rural,1,5,4,13,23.462532035356293,7,Retained,0,0,1
984,31,Female,Rural,7,3,9,47,36.602020865353374,9,Retained,0,0,1
985,41,Male,Urban,13,2,7,40,33.31313292132239,2,Retained,1,2,1
986,19,Female,Urban,10,1,19,26,33.22932775137433,7,Churned,0,2,0
987,62,Female,Rural,5,3,19,26,10.89723168146681,4,Churned,0,0,0
988,43,Male,Rural,5,3,6,26,28.2915105087133,2,Retained,1,0,1
989,31,Male,Urban,14,2,6,38,29.88017175636136,7,Churned,1,2,0
990,68,Female,Urban,1,1,15,33,45.35035622004467,5,Retained,0,2,1
991,24,Female,Urban,9,1,15,42,51.201035755638415,1,Churned,0,2,0
992,20,Female,Suburban,7,5,9,37,34.974025295500994,5,Churned,0,1,0
993,64,Female,Rural,8,3,4,22,9.773062473574477,3,Churned,0,0,0
994,40,Male,Suburban,9,1,18,11,18.026720882810046,7,Churned,1,1,0
995,63,Female,Rural,6,1,18,5,14.07137147690021,6,Retained,0,0,1
996,60,Female,Rural,12,4,5,37,11.853828475401862,8,Churned,0,0,0
997,64,Male,Rural,5,4,11,5,25.124461423979415,5,Retained,1,0,1
998,62,Female,Rural,6,1,5,28,17.616642618491014,2,Retained,0,0,1
999,35,Male,Rural,11,5,4,8,17.006671149633178,9,Retained,1,0,1
1000,55,Male,Rural,2,1,12,8,8.008124601694721,8,Churned,1,0,0
