id,source,feedback_text,date,label
1,social_media,Very disappointed with the quality.,2023-02-04,Negative
2,social_media,Very disappointed with the quality.,2023-07-15,Neutral
3,chat,Absolutely fantastic!,2023-08-07,Neutral
4,chat,Super helpful staff!,2023-08-28,Neutral
5,email,Great customer support!,2023-12-01,Neutral
6,social_media,I want a refund.,2023-11-05,Neutral
7,social_media,Could be better.,2023-01-24,Positive
8,chat,"It was ok, nothing special.",2023-10-18,Negative
9,social_media,Great customer support!,2023-09-27,Negative
10,chat,Very disappointed with the quality.,2023-12-31,Positive
11,social_media,Could be better.,2023-02-18,Positive
12,chat,I want a refund.,2023-09-18,Negative
13,chat,Could be better.,2023-05-17,Neutral
14,email,I love this product!,2023-10-10,Negative
15,social_media,Super helpful staff!,2023-11-14,Negative
16,social_media,"It was ok, nothing special.",2023-05-01,Neutral
17,social_media,I love this product!,2023-04-02,Positive
18,chat,Super helpful staff!,2023-03-23,Negative
19,social_media,Could be better.,2023-11-11,Negative
20,social_media,Very disappointed with the quality.,2023-10-19,Neutral
21,email,I love this product!,2023-06-13,Negative
22,social_media,Super helpful staff!,2023-03-12,Neutral
23,social_media,Too slow.,2023-02-22,Negative
24,social_media,Super helpful staff!,2023-08-29,Positive
25,social_media,I love this product!,2023-05-31,Negative
26,email,I love this product!,2023-05-15,Negative
27,chat,Very disappointed with the quality.,2023-09-17,Negative
28,chat,I hate this service.,2023-02-22,Positive
29,social_media,I love this product!,2023-07-12,Negative
30,email,Super helpful staff!,2023-10-22,Neutral
31,chat,Too slow.,2023-08-25,Neutral
32,email,Could be better.,2023-11-18,Positive
33,chat,I hate this service.,2023-07-07,Negative
34,chat,Very disappointed with the quality.,2023-12-27,Negative
35,social_media,I love this product!,2023-11-10,Negative
36,chat,Too slow.,2023-10-01,Negative
37,email,Great customer support!,2023-09-08,Neutral
38,email,Super helpful staff!,2023-03-23,Negative
39,social_media,Absolutely fantastic!,2023-11-08,Negative
40,social_media,Absolutely fantastic!,2023-11-12,Negative
41,email,Great customer support!,2023-09-12,Negative
42,chat,Super helpful staff!,2023-10-14,Neutral
43,social_media,I hate this service.,2023-03-25,Positive
44,chat,Absolutely fantastic!,2023-03-02,Negative
45,chat,Super helpful staff!,2023-11-23,Neutral
46,social_media,Could be better.,2023-06-16,Neutral
47,chat,Great customer support!,2023-11-17,Positive
48,chat,"It was ok, nothing special.",2023-05-08,Negative
49,chat,Great customer support!,2023-03-19,Negative
50,social_media,I want a refund.,2023-10-12,Positive
51,chat,I love this product!,2023-12-01,Negative
52,email,Absolutely fantastic!,2023-08-26,Negative
53,social_media,Super helpful staff!,2023-03-29,Neutral
54,social_media,Too slow.,2023-03-28,Negative
55,social_media,"It was ok, nothing special.",2023-07-12,Neutral
56,email,Great customer support!,2023-02-10,Neutral
57,social_media,Very disappointed with the quality.,2023-08-24,Negative
58,social_media,I want a refund.,2023-07-20,Negative
59,social_media,I hate this service.,2023-11-24,Positive
60,chat,Absolutely fantastic!,2023-06-20,Positive
61,chat,Great customer support!,2023-07-23,Negative
62,social_media,Too slow.,2023-08-06,Positive
63,chat,I love this product!,2023-05-14,Negative
64,email,Could be better.,2023-03-01,Positive
65,email,Great customer support!,2023-03-05,Negative
66,email,"It was ok, nothing special.",2023-04-28,Neutral
67,social_media,I hate this service.,2023-02-25,Negative
68,chat,Could be better.,2023-04-30,Neutral
69,chat,Could be better.,2023-09-30,Negative
70,chat,I hate this service.,2023-08-08,Negative
71,email,I love this product!,2023-12-19,Neutral
72,social_media,Great customer support!,2023-10-27,Negative
73,chat,I want a refund.,2023-07-12,Negative
74,email,I hate this service.,2023-04-10,Negative
75,email,Could be better.,2023-09-04,Negative
76,chat,Great customer support!,2023-01-12,Neutral
77,chat,Super helpful staff!,2023-09-12,Positive
78,social_media,Great customer support!,2023-11-16,Negative
79,email,I want a refund.,2023-02-04,Negative
80,email,I hate this service.,2023-08-18,Neutral
81,email,I hate this service.,2023-09-04,Neutral
82,social_media,I want a refund.,2023-08-25,Neutral
83,email,Very disappointed with the quality.,2023-09-04,Positive
84,chat,Very disappointed with the quality.,2023-11-04,Negative
85,email,Too slow.,2023-04-16,Neutral
86,chat,Very disappointed with the quality.,2023-06-17,Positive
87,chat,Absolutely fantastic!,2023-09-02,Negative
88,email,Absolutely fantastic!,2023-11-02,Neutral
89,chat,Too slow.,2023-09-01,Neutral
90,social_media,I hate this service.,2023-06-25,Neutral
91,email,Too slow.,2023-11-07,Positive
92,email,I hate this service.,2023-10-18,Neutral
93,email,Great customer support!,2023-07-11,Neutral
94,chat,"It was ok, nothing special.",2023-04-24,Positive
95,chat,I love this product!,2023-04-29,Neutral
96,email,Very disappointed with the quality.,2023-04-29,Negative
97,chat,Could be better.,2023-03-10,Neutral
98,chat,Absolutely fantastic!,2023-11-06,Negative
99,email,Could be better.,2023-11-02,Negative
100,email,"It was ok, nothing special.",2023-08-08,Negative
101,chat,Absolutely fantastic!,2023-10-15,Positive
102,social_media,"It was ok, nothing special.",2023-03-28,Neutral
103,email,"It was ok, nothing special.",2023-09-23,Negative
104,email,Great customer support!,2023-12-20,Positive
105,social_media,Too slow.,2023-05-04,Negative
106,social_media,Too slow.,2023-06-02,Neutral
107,chat,I want a refund.,2023-01-04,Negative
108,email,Could be better.,2023-12-08,Neutral
109,email,I love this product!,2023-03-17,Negative
110,social_media,Super helpful staff!,2023-12-16,Neutral
111,chat,Could be better.,2023-10-09,Neutral
112,chat,Absolutely fantastic!,2023-07-27,Neutral
113,email,Great customer support!,2023-02-09,Positive
114,social_media,Too slow.,2023-09-18,Neutral
115,email,Very disappointed with the quality.,2023-11-25,Positive
116,email,I love this product!,2023-08-07,Negative
117,chat,"It was ok, nothing special.",2023-01-22,Positive
118,email,"It was ok, nothing special.",2023-06-24,Negative
119,social_media,I hate this service.,2023-05-21,Neutral
120,email,Very disappointed with the quality.,2023-03-30,Positive
121,social_media,Super helpful staff!,2023-09-14,Negative
122,chat,Great customer support!,2023-05-27,Positive
123,social_media,I hate this service.,2023-07-08,Positive
124,chat,"It was ok, nothing special.",2023-10-09,Negative
125,social_media,Super helpful staff!,2023-04-20,Negative
126,social_media,I love this product!,2023-05-01,Neutral
127,social_media,Very disappointed with the quality.,2023-01-09,Positive
128,social_media,I love this product!,2023-08-22,Negative
129,social_media,Too slow.,2023-04-05,Negative
130,social_media,Great customer support!,2023-10-29,Negative
131,email,Could be better.,2023-12-30,Positive
132,chat,Great customer support!,2023-11-08,Negative
133,social_media,Super helpful staff!,2023-10-20,Negative
134,social_media,Too slow.,2023-05-21,Neutral
135,chat,Absolutely fantastic!,2023-01-23,Negative
136,email,Too slow.,2023-12-07,Positive
137,chat,Very disappointed with the quality.,2023-03-12,Neutral
138,social_media,"It was ok, nothing special.",2023-07-19,Positive
139,chat,Very disappointed with the quality.,2023-01-20,Negative
140,social_media,Very disappointed with the quality.,2023-12-05,Neutral
141,social_media,Absolutely fantastic!,2023-12-16,Positive
142,social_media,Great customer support!,2023-04-10,Negative
143,chat,Could be better.,2023-02-08,Neutral
144,email,Could be better.,2023-10-20,Positive
145,social_media,I love this product!,2023-05-05,Positive
146,social_media,I love this product!,2023-12-25,Negative
147,social_media,Too slow.,2023-03-19,Negative
148,chat,Could be better.,2023-03-19,Positive
149,social_media,I love this product!,2023-09-05,Neutral
150,email,Could be better.,2023-04-12,Negative
151,social_media,I hate this service.,2023-03-15,Neutral
152,social_media,Super helpful staff!,2023-11-24,Negative
153,chat,I want a refund.,2023-12-18,Neutral
154,chat,Great customer support!,2023-06-13,Positive
155,email,Super helpful staff!,2023-10-02,Positive
156,email,Could be better.,2023-11-05,Neutral
157,chat,I want a refund.,2023-05-20,Neutral
158,email,Too slow.,2023-10-06,Negative
159,social_media,I want a refund.,2023-06-23,Neutral
160,social_media,"It was ok, nothing special.",2023-02-11,Neutral
161,social_media,Too slow.,2023-10-24,Negative
162,social_media,Too slow.,2023-11-07,Neutral
163,chat,Could be better.,2023-06-19,Positive
164,social_media,Super helpful staff!,2023-09-27,Neutral
165,email,Absolutely fantastic!,2023-11-11,Positive
166,chat,Could be better.,2023-06-19,Negative
167,chat,Very disappointed with the quality.,2023-03-22,Neutral
168,email,Great customer support!,2023-01-08,Negative
169,chat,Absolutely fantastic!,2023-09-04,Positive
170,chat,I love this product!,2023-06-23,Neutral
171,social_media,Great customer support!,2023-03-21,Negative
172,email,Absolutely fantastic!,2023-09-26,Neutral
173,social_media,Super helpful staff!,2023-02-18,Neutral
174,email,I love this product!,2023-08-30,Neutral
175,chat,Super helpful staff!,2023-04-23,Neutral
176,social_media,Great customer support!,2023-02-07,Neutral
177,social_media,I love this product!,2023-06-25,Negative
178,chat,Could be better.,2023-03-15,Neutral
179,social_media,Absolutely fantastic!,2023-12-19,Negative
180,email,Very disappointed with the quality.,2023-07-07,Positive
181,chat,Super helpful staff!,2023-08-24,Negative
182,social_media,I want a refund.,2023-08-29,Neutral
183,chat,I hate this service.,2023-08-20,Negative
184,email,Could be better.,2023-04-26,Neutral
185,chat,Super helpful staff!,2023-07-07,Positive
186,social_media,I love this product!,2023-09-18,Positive
187,social_media,Super helpful staff!,2023-06-21,Negative
188,chat,Could be better.,2023-02-19,Negative
189,email,I want a refund.,2023-04-09,Positive
190,chat,Absolutely fantastic!,2023-02-09,Neutral
191,email,Too slow.,2023-10-11,Positive
192,chat,Very disappointed with the quality.,2023-01-02,Positive
193,chat,I want a refund.,2023-06-05,Positive
194,email,Absolutely fantastic!,2023-06-08,Negative
195,chat,I want a refund.,2023-12-11,Negative
196,social_media,"It was ok, nothing special.",2023-11-24,Negative
197,social_media,Super helpful staff!,2023-03-25,Neutral
198,chat,I hate this service.,2023-09-24,Positive
199,social_media,Absolutely fantastic!,2023-06-02,Neutral
200,social_media,Too slow.,2023-12-23,Positive
201,chat,I want a refund.,2023-12-20,Positive
202,email,Great customer support!,2023-09-20,Negative
203,social_media,I love this product!,2023-12-18,Positive
204,email,Too slow.,2023-05-31,Neutral
205,email,I want a refund.,2023-06-24,Negative
206,social_media,"It was ok, nothing special.",2023-09-19,Negative
207,chat,I love this product!,2023-10-18,Negative
208,social_media,I love this product!,2023-03-26,Negative
209,chat,Absolutely fantastic!,2023-05-05,Positive
210,social_media,Great customer support!,2023-05-12,Neutral
211,social_media,Absolutely fantastic!,2023-10-10,Negative
212,chat,I want a refund.,2023-02-10,Negative
213,social_media,I hate this service.,2023-06-07,Positive
214,chat,Very disappointed with the quality.,2023-04-05,Positive
215,email,I love this product!,2023-10-12,Positive
216,chat,Could be better.,2023-11-16,Neutral
217,email,Could be better.,2023-12-09,Neutral
218,chat,"It was ok, nothing special.",2023-12-23,Neutral
219,social_media,Too slow.,2023-02-07,Positive
220,chat,Absolutely fantastic!,2023-08-10,Negative
221,email,Very disappointed with the quality.,2023-11-03,Negative
222,social_media,Great customer support!,2023-08-20,Negative
223,email,Too slow.,2023-06-24,Positive
224,email,I want a refund.,2023-05-04,Neutral
225,email,I want a refund.,2023-01-28,Negative
226,social_media,Great customer support!,2023-01-13,Neutral
227,email,Super helpful staff!,2023-09-21,Neutral
228,email,Could be better.,2023-01-23,Positive
229,email,Great customer support!,2023-02-17,Negative
230,email,Absolutely fantastic!,2023-01-18,Neutral
231,social_media,Too slow.,2023-01-02,Positive
232,chat,Super helpful staff!,2023-04-09,Positive
233,chat,Could be better.,2023-03-07,Neutral
234,social_media,Great customer support!,2023-05-05,Neutral
235,social_media,I want a refund.,2023-01-04,Negative
236,email,Too slow.,2023-05-25,Positive
237,chat,Could be better.,2023-10-19,Negative
238,email,Very disappointed with the quality.,2023-07-02,Neutral
239,chat,Could be better.,2023-03-17,Neutral
240,chat,"It was ok, nothing special.",2023-05-25,Positive
241,email,Could be better.,2023-05-24,Neutral
242,chat,"It was ok, nothing special.",2023-05-04,Neutral
243,email,Could be better.,2023-11-09,Negative
244,email,Absolutely fantastic!,2023-11-07,Positive
245,chat,I love this product!,2023-05-21,Positive
246,chat,I want a refund.,2023-09-22,Positive
247,social_media,I love this product!,2023-08-26,Positive
248,social_media,Super helpful staff!,2023-01-23,Positive
249,social_media,Too slow.,2023-04-03,Negative
250,email,Very disappointed with the quality.,2023-08-03,Positive
251,social_media,Very disappointed with the quality.,2023-04-08,Negative
252,social_media,Super helpful staff!,2023-08-11,Neutral
253,chat,Absolutely fantastic!,2023-07-28,Negative
254,email,Super helpful staff!,2023-03-27,Neutral
255,social_media,I love this product!,2023-05-18,Positive
256,chat,Great customer support!,2023-02-12,Neutral
257,email,Super helpful staff!,2023-01-17,Negative
258,chat,I love this product!,2023-03-10,Negative
259,social_media,Absolutely fantastic!,2023-08-21,Positive
260,social_media,I hate this service.,2023-04-09,Positive
261,social_media,Great customer support!,2023-02-14,Neutral
262,email,Great customer support!,2023-07-28,Neutral
263,chat,Could be better.,2023-09-01,Negative
264,email,Absolutely fantastic!,2023-04-23,Neutral
265,email,Super helpful staff!,2023-05-28,Positive
266,social_media,Too slow.,2023-06-07,Negative
267,chat,Too slow.,2023-04-01,Negative
268,email,Super helpful staff!,2023-01-24,Positive
269,social_media,Too slow.,2023-08-06,Negative
270,email,I love this product!,2023-03-04,Positive
271,email,Absolutely fantastic!,2023-10-11,Positive
272,social_media,I love this product!,2023-11-13,Neutral
273,email,Super helpful staff!,2023-11-28,Positive
274,social_media,Very disappointed with the quality.,2023-02-25,Negative
275,email,Could be better.,2023-09-06,Neutral
276,email,Great customer support!,2023-12-13,Neutral
277,chat,Absolutely fantastic!,2023-02-09,Positive
278,email,Could be better.,2023-04-23,Positive
279,chat,Could be better.,2023-04-24,Positive
280,email,I love this product!,2023-07-03,Negative
281,email,Very disappointed with the quality.,2023-07-19,Positive
282,email,Very disappointed with the quality.,2023-03-23,Neutral
283,chat,I love this product!,2023-12-29,Negative
284,email,Too slow.,2023-09-02,Negative
285,chat,Very disappointed with the quality.,2023-09-10,Positive
286,chat,Very disappointed with the quality.,2023-06-16,Negative
287,chat,I want a refund.,2023-08-28,Negative
288,social_media,Absolutely fantastic!,2023-02-10,Neutral
289,chat,Too slow.,2023-04-17,Negative
290,email,Could be better.,2023-04-15,Neutral
291,social_media,"It was ok, nothing special.",2023-04-28,Neutral
292,chat,I love this product!,2023-09-08,Positive
293,email,Super helpful staff!,2023-12-15,Positive
294,email,Could be better.,2023-11-04,Neutral
295,chat,I hate this service.,2023-12-10,Positive
296,chat,Could be better.,2023-09-23,Positive
297,social_media,I want a refund.,2023-02-15,Positive
298,email,Too slow.,2023-03-21,Negative
299,chat,Super helpful staff!,2023-10-04,Positive
300,email,I love this product!,2023-09-13,Neutral
301,email,I hate this service.,2023-10-12,Neutral
302,email,I love this product!,2023-08-11,Negative
303,email,I hate this service.,2023-08-30,Positive
304,social_media,Absolutely fantastic!,2023-08-15,Neutral
305,email,"It was ok, nothing special.",2023-05-05,Positive
306,social_media,I hate this service.,2023-10-30,Positive
307,chat,Too slow.,2023-10-28,Positive
308,social_media,Absolutely fantastic!,2023-06-18,Negative
309,email,Very disappointed with the quality.,2023-10-14,Positive
310,social_media,I love this product!,2023-01-26,Negative
311,email,I love this product!,2023-11-25,Negative
312,email,Too slow.,2023-07-16,Negative
313,chat,Super helpful staff!,2023-05-03,Negative
314,social_media,Could be better.,2023-02-23,Positive
315,social_media,Super helpful staff!,2023-03-03,Positive
316,social_media,Too slow.,2023-12-11,Neutral
317,social_media,Could be better.,2023-08-20,Positive
318,chat,Super helpful staff!,2023-12-02,Negative
319,chat,I want a refund.,2023-01-29,Positive
320,email,Absolutely fantastic!,2023-10-05,Positive
321,chat,"It was ok, nothing special.",2023-03-25,Positive
322,email,Great customer support!,2023-01-11,Negative
323,chat,Super helpful staff!,2023-08-20,Negative
324,social_media,I want a refund.,2023-07-10,Negative
325,email,"It was ok, nothing special.",2023-06-28,Negative
326,social_media,I hate this service.,2023-02-12,Neutral
327,social_media,I want a refund.,2023-03-01,Neutral
328,chat,Absolutely fantastic!,2023-10-01,Positive
329,chat,I want a refund.,2023-10-12,Negative
330,social_media,Super helpful staff!,2023-07-26,Neutral
331,social_media,Could be better.,2023-08-16,Positive
332,chat,Too slow.,2023-05-28,Positive
333,chat,Could be better.,2023-02-08,Neutral
334,email,I love this product!,2023-06-09,Neutral
335,chat,Could be better.,2023-10-05,Neutral
336,chat,I love this product!,2023-02-05,Positive
337,email,Super helpful staff!,2023-01-11,Positive
338,social_media,Great customer support!,2023-11-13,Neutral
339,social_media,"It was ok, nothing special.",2023-06-12,Positive
340,social_media,Very disappointed with the quality.,2023-07-02,Positive
341,chat,Could be better.,2023-09-26,Negative
342,chat,Great customer support!,2023-06-07,Positive
343,email,I want a refund.,2023-10-12,Negative
344,chat,Absolutely fantastic!,2023-01-11,Positive
345,social_media,I hate this service.,2023-01-15,Negative
346,social_media,Could be better.,2023-09-14,Neutral
347,social_media,Great customer support!,2023-02-22,Positive
348,email,Super helpful staff!,2023-09-22,Negative
349,chat,Could be better.,2023-08-31,Positive
350,social_media,I hate this service.,2023-05-01,Positive
351,email,Absolutely fantastic!,2023-12-21,Positive
352,social_media,Absolutely fantastic!,2023-12-04,Negative
353,chat,Very disappointed with the quality.,2023-11-07,Positive
354,chat,Too slow.,2023-01-11,Positive
355,chat,Great customer support!,2023-02-28,Neutral
356,email,Great customer support!,2023-02-12,Negative
357,social_media,Great customer support!,2023-07-05,Neutral
358,email,I love this product!,2023-07-20,Neutral
359,social_media,Could be better.,2023-11-06,Negative
360,email,I love this product!,2023-06-21,Negative
361,email,"It was ok, nothing special.",2023-04-11,Positive
362,social_media,Could be better.,2023-06-20,Negative
363,social_media,I love this product!,2023-11-10,Negative
364,chat,Absolutely fantastic!,2023-12-08,Neutral
365,chat,Super helpful staff!,2023-03-31,Neutral
366,chat,I want a refund.,2023-10-27,Neutral
367,email,I love this product!,2023-07-15,Positive
368,chat,Super helpful staff!,2023-11-01,Neutral
369,chat,Great customer support!,2023-12-30,Neutral
370,social_media,Great customer support!,2023-06-15,Positive
371,social_media,Absolutely fantastic!,2023-09-27,Positive
372,chat,Super helpful staff!,2023-01-24,Positive
373,email,I want a refund.,2023-03-25,Negative
374,email,I hate this service.,2023-02-12,Negative
375,email,Could be better.,2023-03-07,Neutral
376,email,I want a refund.,2023-02-06,Negative
377,email,Absolutely fantastic!,2023-07-05,Neutral
378,social_media,Very disappointed with the quality.,2023-09-07,Positive
379,chat,Super helpful staff!,2023-05-03,Neutral
380,email,Great customer support!,2023-05-22,Positive
381,email,I love this product!,2023-11-05,Neutral
382,email,Absolutely fantastic!,2023-01-21,Negative
383,email,"It was ok, nothing special.",2023-06-06,Neutral
384,email,I love this product!,2023-09-03,Negative
385,social_media,"It was ok, nothing special.",2023-12-24,Positive
386,email,Too slow.,2023-10-09,Positive
387,social_media,Super helpful staff!,2023-06-17,Negative
388,chat,Super helpful staff!,2023-06-06,Positive
389,chat,"It was ok, nothing special.",2023-02-17,Neutral
390,email,Great customer support!,2023-10-27,Positive
391,email,"It was ok, nothing special.",2023-07-23,Neutral
392,social_media,Absolutely fantastic!,2023-04-24,Neutral
393,chat,Too slow.,2023-03-24,Negative
394,chat,Could be better.,2023-08-13,Neutral
395,email,I hate this service.,2023-06-13,Neutral
396,social_media,"It was ok, nothing special.",2023-09-11,Negative
397,chat,I want a refund.,2023-11-29,Positive
398,email,Super helpful staff!,2023-08-18,Positive
399,chat,Too slow.,2023-07-05,Negative
400,chat,"It was ok, nothing special.",2023-08-18,Positive
401,email,Too slow.,2023-05-07,Positive
402,chat,"It was ok, nothing special.",2023-08-23,Neutral
403,email,"It was ok, nothing special.",2023-12-21,Negative
404,chat,Very disappointed with the quality.,2023-04-15,Neutral
405,social_media,Great customer support!,2023-04-17,Positive
406,social_media,I want a refund.,2023-02-09,Neutral
407,email,Great customer support!,2023-10-30,Negative
408,social_media,Great customer support!,2023-12-13,Positive
409,chat,"It was ok, nothing special.",2023-06-06,Neutral
410,email,Very disappointed with the quality.,2023-08-10,Negative
411,chat,I hate this service.,2023-02-19,Neutral
412,chat,Too slow.,2023-01-28,Neutral
413,social_media,I want a refund.,2023-10-31,Neutral
414,chat,"It was ok, nothing special.",2023-10-21,Positive
415,chat,Absolutely fantastic!,2023-04-03,Neutral
416,chat,"It was ok, nothing special.",2023-05-03,Negative
417,email,Too slow.,2023-08-31,Positive
418,email,I want a refund.,2023-10-02,Negative
419,email,Super helpful staff!,2023-04-25,Positive
420,chat,Super helpful staff!,2023-05-07,Positive
421,chat,I want a refund.,2023-07-21,Neutral
422,email,Very disappointed with the quality.,2023-04-10,Positive
423,social_media,Very disappointed with the quality.,2023-09-19,Negative
424,email,I love this product!,2023-02-03,Neutral
425,social_media,Super helpful staff!,2023-02-10,Positive
426,email,I hate this service.,2023-09-04,Negative
427,email,"It was ok, nothing special.",2023-09-28,Neutral
428,email,Too slow.,2023-04-27,Positive
429,email,"It was ok, nothing special.",2023-02-21,Negative
430,chat,Great customer support!,2023-03-19,Neutral
431,chat,Absolutely fantastic!,2023-08-12,Neutral
432,social_media,Very disappointed with the quality.,2023-06-05,Positive
433,email,"It was ok, nothing special.",2023-01-30,Positive
434,email,Too slow.,2023-12-12,Neutral
435,chat,"It was ok, nothing special.",2023-01-11,Negative
436,social_media,Could be better.,2023-08-13,Neutral
437,email,I want a refund.,2023-12-26,Neutral
438,email,"It was ok, nothing special.",2023-10-05,Neutral
439,chat,I want a refund.,2023-09-20,Positive
440,email,Could be better.,2023-04-12,Negative
441,chat,I hate this service.,2023-04-11,Neutral
442,chat,I hate this service.,2023-12-09,Positive
443,social_media,Absolutely fantastic!,2023-10-21,Neutral
444,social_media,Could be better.,2023-08-03,Positive
445,social_media,I want a refund.,2023-02-19,Positive
446,social_media,"It was ok, nothing special.",2023-03-19,Negative
447,social_media,Could be better.,2023-09-15,Negative
448,email,Great customer support!,2023-08-04,Neutral
449,social_media,Too slow.,2023-02-12,Negative
450,social_media,Very disappointed with the quality.,2023-08-05,Negative
451,social_media,I hate this service.,2023-08-26,Negative
452,chat,Very disappointed with the quality.,2023-12-30,Positive
453,chat,Great customer support!,2023-03-18,Negative
454,social_media,Very disappointed with the quality.,2023-06-16,Positive
455,email,I love this product!,2023-07-13,Neutral
456,email,I want a refund.,2023-01-02,Positive
457,social_media,Could be better.,2023-12-11,Neutral
458,social_media,Absolutely fantastic!,2023-12-27,Neutral
459,social_media,I want a refund.,2023-07-03,Positive
460,chat,Very disappointed with the quality.,2023-07-11,Negative
461,chat,Could be better.,2023-02-06,Negative
462,social_media,Very disappointed with the quality.,2023-10-23,Neutral
463,social_media,Could be better.,2023-09-17,Negative
464,social_media,"It was ok, nothing special.",2023-07-12,Negative
465,social_media,Absolutely fantastic!,2023-06-23,Neutral
466,chat,Very disappointed with the quality.,2023-02-01,Neutral
467,chat,Too slow.,2023-09-26,Neutral
468,social_media,I want a refund.,2023-01-16,Neutral
469,chat,I hate this service.,2023-09-14,Positive
470,email,Very disappointed with the quality.,2023-04-11,Negative
471,email,I love this product!,2023-10-10,Negative
472,social_media,Too slow.,2023-07-21,Neutral
473,email,I want a refund.,2023-01-31,Neutral
474,chat,I want a refund.,2023-09-09,Positive
475,email,I hate this service.,2023-07-21,Negative
476,email,Too slow.,2023-06-27,Neutral
477,email,Could be better.,2023-02-23,Negative
478,chat,Too slow.,2023-02-06,Negative
479,chat,Too slow.,2023-06-16,Neutral
480,email,I want a refund.,2023-02-10,Positive
481,social_media,"It was ok, nothing special.",2023-05-22,Neutral
482,social_media,I hate this service.,2023-09-20,Negative
483,email,Too slow.,2023-11-10,Negative
484,social_media,Too slow.,2023-02-02,Negative
485,email,I want a refund.,2023-10-05,Positive
486,email,I want a refund.,2023-07-04,Positive
487,email,I want a refund.,2023-01-21,Neutral
488,email,Super helpful staff!,2023-01-16,Negative
489,email,Too slow.,2023-10-27,Positive
490,chat,Absolutely fantastic!,2023-02-03,Positive
491,email,Absolutely fantastic!,2023-08-04,Neutral
492,social_media,I love this product!,2023-05-15,Negative
493,social_media,Could be better.,2023-12-14,Negative
494,email,Super helpful staff!,2023-06-28,Negative
495,chat,Super helpful staff!,2023-07-27,Positive
496,chat,Too slow.,2023-02-21,Neutral
497,social_media,Great customer support!,2023-02-13,Negative
498,chat,Great customer support!,2023-10-08,Neutral
499,chat,I love this product!,2023-04-19,Negative
500,email,I hate this service.,2023-03-14,Negative
501,email,I love this product!,2023-12-13,Neutral
502,chat,Super helpful staff!,2023-10-30,Neutral
503,email,I love this product!,2023-07-12,Positive
504,chat,Could be better.,2023-04-03,Neutral
505,chat,Great customer support!,2023-07-22,Positive
506,social_media,I hate this service.,2023-04-23,Positive
507,social_media,I hate this service.,2023-02-04,Positive
508,email,Very disappointed with the quality.,2023-07-03,Negative
509,chat,Absolutely fantastic!,2023-01-03,Neutral
510,email,I want a refund.,2023-06-12,Positive
511,social_media,I love this product!,2023-05-13,Neutral
512,email,I love this product!,2023-06-22,Neutral
513,email,Great customer support!,2023-10-20,Negative
514,chat,Absolutely fantastic!,2023-03-27,Neutral
515,social_media,"It was ok, nothing special.",2023-08-03,Negative
516,social_media,I hate this service.,2023-08-30,Negative
517,chat,Very disappointed with the quality.,2023-01-30,Neutral
518,email,I want a refund.,2023-10-29,Negative
519,social_media,Could be better.,2023-01-18,Negative
520,chat,I love this product!,2023-11-01,Neutral
521,email,Could be better.,2023-01-29,Negative
522,email,"It was ok, nothing special.",2023-11-30,Negative
523,chat,Too slow.,2023-08-07,Neutral
524,email,I love this product!,2023-05-26,Negative
525,social_media,Very disappointed with the quality.,2023-04-07,Positive
526,social_media,Too slow.,2023-01-29,Neutral
527,email,"It was ok, nothing special.",2023-09-06,Neutral
528,email,Super helpful staff!,2023-02-25,Positive
529,email,Super helpful staff!,2023-10-27,Positive
530,chat,Very disappointed with the quality.,2023-03-05,Neutral
531,chat,Could be better.,2023-08-31,Negative
532,email,Super helpful staff!,2023-01-02,Negative
533,chat,I love this product!,2023-04-29,Positive
534,email,I hate this service.,2023-02-17,Neutral
535,email,"It was ok, nothing special.",2023-03-15,Positive
536,social_media,Very disappointed with the quality.,2023-01-01,Neutral
537,social_media,I want a refund.,2023-11-12,Neutral
538,chat,I hate this service.,2023-12-22,Neutral
539,social_media,I love this product!,2023-06-18,Positive
540,social_media,Absolutely fantastic!,2023-06-17,Neutral
541,social_media,Super helpful staff!,2023-02-06,Negative
542,chat,Super helpful staff!,2023-03-09,Neutral
543,social_media,"It was ok, nothing special.",2023-07-10,Positive
544,email,Absolutely fantastic!,2023-05-22,Positive
545,social_media,Could be better.,2023-06-18,Positive
546,chat,"It was ok, nothing special.",2023-11-02,Neutral
547,social_media,Could be better.,2023-09-10,Positive
548,social_media,Could be better.,2023-06-29,Positive
549,chat,Very disappointed with the quality.,2023-01-04,Negative
550,social_media,Could be better.,2023-05-02,Negative
551,social_media,I hate this service.,2023-09-29,Positive
552,social_media,"It was ok, nothing special.",2023-05-08,Negative
553,chat,I want a refund.,2023-12-03,Positive
554,social_media,"It was ok, nothing special.",2023-08-17,Neutral
555,email,Super helpful staff!,2023-11-28,Negative
556,chat,Super helpful staff!,2023-01-25,Negative
557,email,I love this product!,2023-06-11,Negative
558,social_media,I want a refund.,2023-02-02,Negative
559,chat,Could be better.,2023-11-12,Negative
560,social_media,I want a refund.,2023-08-14,Negative
561,email,Great customer support!,2023-04-28,Negative
562,chat,"It was ok, nothing special.",2023-12-21,Negative
563,social_media,I love this product!,2023-12-31,Negative
564,social_media,Very disappointed with the quality.,2023-09-15,Neutral
565,social_media,Great customer support!,2023-12-02,Negative
566,chat,Super helpful staff!,2023-04-10,Neutral
567,chat,I hate this service.,2023-05-24,Negative
568,social_media,Very disappointed with the quality.,2023-10-15,Positive
569,chat,I want a refund.,2023-11-11,Negative
570,chat,Too slow.,2023-07-17,Positive
571,email,I hate this service.,2023-02-26,Positive
572,chat,Too slow.,2023-05-04,Negative
573,email,I want a refund.,2023-02-07,Negative
574,chat,"It was ok, nothing special.",2023-12-11,Positive
575,social_media,Super helpful staff!,2023-03-26,Neutral
576,chat,I love this product!,2023-06-15,Positive
577,chat,"It was ok, nothing special.",2023-08-17,Negative
578,social_media,Absolutely fantastic!,2023-04-16,Neutral
579,social_media,Super helpful staff!,2023-06-11,Neutral
580,email,I hate this service.,2023-09-12,Positive
581,social_media,"It was ok, nothing special.",2023-03-28,Neutral
582,chat,Great customer support!,2023-07-27,Positive
583,social_media,"It was ok, nothing special.",2023-06-27,Positive
584,social_media,Very disappointed with the quality.,2023-08-06,Negative
585,social_media,I love this product!,2023-06-18,Negative
586,chat,Great customer support!,2023-05-13,Neutral
587,chat,Could be better.,2023-12-13,Neutral
588,chat,Could be better.,2023-12-02,Negative
589,email,"It was ok, nothing special.",2023-03-21,Negative
590,social_media,I hate this service.,2023-03-20,Neutral
591,chat,I hate this service.,2023-03-09,Positive
592,social_media,Too slow.,2023-03-12,Negative
593,social_media,Absolutely fantastic!,2023-08-09,Negative
594,chat,Absolutely fantastic!,2023-04-02,Neutral
595,social_media,Too slow.,2023-05-09,Negative
596,social_media,I hate this service.,2023-09-28,Negative
597,email,I want a refund.,2023-08-11,Negative
598,email,I love this product!,2023-11-03,Neutral
599,social_media,I hate this service.,2023-11-30,Positive
600,email,Could be better.,2023-10-02,Neutral
601,social_media,I want a refund.,2023-09-20,Negative
602,social_media,I want a refund.,2023-06-30,Neutral
603,social_media,I want a refund.,2023-02-05,Negative
604,social_media,"It was ok, nothing special.",2023-03-31,Negative
605,social_media,"It was ok, nothing special.",2023-12-05,Negative
606,email,Super helpful staff!,2023-06-06,Neutral
607,chat,Absolutely fantastic!,2023-11-06,Neutral
608,social_media,Very disappointed with the quality.,2023-06-18,Negative
609,social_media,Too slow.,2023-03-23,Negative
610,email,Very disappointed with the quality.,2023-11-18,Positive
611,social_media,"It was ok, nothing special.",2023-12-26,Positive
612,social_media,I love this product!,2023-12-03,Neutral
613,chat,Could be better.,2023-11-02,Neutral
614,social_media,I hate this service.,2023-04-05,Negative
615,chat,Very disappointed with the quality.,2023-03-24,Positive
616,social_media,Absolutely fantastic!,2023-11-17,Positive
617,chat,Great customer support!,2023-07-07,Negative
618,social_media,Absolutely fantastic!,2023-06-26,Positive
619,social_media,Great customer support!,2023-03-04,Positive
620,chat,I want a refund.,2023-08-01,Neutral
621,email,Absolutely fantastic!,2023-01-24,Positive
622,chat,I hate this service.,2023-03-11,Neutral
623,social_media,I hate this service.,2023-06-04,Positive
624,email,Super helpful staff!,2023-11-30,Positive
625,social_media,Very disappointed with the quality.,2023-12-08,Positive
626,social_media,Too slow.,2023-12-24,Neutral
627,chat,Great customer support!,2023-07-15,Neutral
628,email,"It was ok, nothing special.",2023-06-09,Neutral
629,social_media,Great customer support!,2023-02-26,Positive
630,social_media,Absolutely fantastic!,2023-09-09,Negative
631,email,Too slow.,2023-03-17,Neutral
632,chat,I hate this service.,2023-10-30,Neutral
633,email,Too slow.,2023-06-06,Neutral
634,social_media,I hate this service.,2023-07-20,Negative
635,social_media,Absolutely fantastic!,2023-05-16,Neutral
636,social_media,I love this product!,2023-02-11,Negative
637,email,Super helpful staff!,2023-03-29,Negative
638,email,Could be better.,2023-09-10,Positive
639,chat,I love this product!,2023-01-08,Positive
640,chat,I want a refund.,2023-03-17,Negative
641,social_media,Too slow.,2023-03-21,Negative
642,chat,Too slow.,2023-01-13,Positive
643,email,"It was ok, nothing special.",2023-06-20,Negative
644,social_media,I hate this service.,2023-12-08,Neutral
645,chat,Could be better.,2023-09-30,Positive
646,chat,I love this product!,2023-12-29,Neutral
647,social_media,I want a refund.,2023-08-30,Positive
648,social_media,Absolutely fantastic!,2023-05-20,Positive
649,chat,I want a refund.,2023-10-08,Negative
650,social_media,"It was ok, nothing special.",2023-05-23,Negative
651,email,"It was ok, nothing special.",2023-04-27,Positive
652,social_media,I want a refund.,2023-07-30,Neutral
653,email,Great customer support!,2023-10-27,Negative
654,social_media,Could be better.,2023-12-03,Neutral
655,email,Super helpful staff!,2023-09-05,Neutral
656,email,I hate this service.,2023-08-17,Neutral
657,chat,Super helpful staff!,2023-03-11,Neutral
658,social_media,Could be better.,2023-04-16,Negative
659,chat,I want a refund.,2023-09-12,Neutral
660,email,Could be better.,2023-08-30,Negative
661,email,Too slow.,2023-09-18,Neutral
662,social_media,Absolutely fantastic!,2023-10-14,Negative
663,chat,I hate this service.,2023-06-15,Negative
664,email,Could be better.,2023-09-29,Positive
665,social_media,I hate this service.,2023-07-08,Neutral
666,social_media,I love this product!,2023-08-11,Negative
667,chat,I want a refund.,2023-11-23,Negative
668,social_media,Could be better.,2023-11-18,Negative
669,chat,Very disappointed with the quality.,2023-05-14,Negative
670,email,Super helpful staff!,2023-06-08,Positive
671,email,"It was ok, nothing special.",2023-02-07,Neutral
672,chat,Could be better.,2023-07-21,Negative
673,social_media,Great customer support!,2023-08-23,Neutral
674,email,Great customer support!,2023-09-16,Positive
675,email,Absolutely fantastic!,2023-10-29,Negative
676,email,"It was ok, nothing special.",2023-11-14,Neutral
677,chat,Absolutely fantastic!,2023-02-27,Neutral
678,social_media,I want a refund.,2023-02-18,Neutral
679,chat,I want a refund.,2023-09-25,Neutral
680,social_media,Absolutely fantastic!,2023-08-04,Positive
681,chat,Too slow.,2023-08-18,Negative
682,social_media,Could be better.,2023-05-31,Negative
683,chat,Very disappointed with the quality.,2023-09-25,Neutral
684,email,Could be better.,2023-10-10,Positive
685,chat,Could be better.,2023-02-05,Neutral
686,chat,Too slow.,2023-04-24,Positive
687,email,I want a refund.,2023-08-07,Negative
688,chat,Too slow.,2023-06-19,Negative
689,email,I love this product!,2023-01-16,Positive
690,email,Very disappointed with the quality.,2023-12-22,Neutral
691,chat,Very disappointed with the quality.,2023-10-09,Positive
692,email,"It was ok, nothing special.",2023-06-28,Neutral
693,social_media,Absolutely fantastic!,2023-07-24,Positive
694,chat,"It was ok, nothing special.",2023-09-10,Negative
695,chat,I love this product!,2023-12-19,Neutral
696,social_media,Absolutely fantastic!,2023-06-08,Neutral
697,email,I want a refund.,2023-05-01,Negative
698,chat,I hate this service.,2023-10-26,Positive
699,chat,Could be better.,2023-09-19,Neutral
700,social_media,Too slow.,2023-05-05,Negative
701,chat,Could be better.,2023-08-14,Negative
702,social_media,I want a refund.,2023-12-14,Negative
703,social_media,Could be better.,2023-01-28,Positive
704,email,I hate this service.,2023-04-12,Positive
705,email,I want a refund.,2023-12-28,Positive
706,social_media,"It was ok, nothing special.",2023-07-28,Negative
707,social_media,Great customer support!,2023-05-25,Neutral
708,chat,I hate this service.,2023-06-29,Neutral
709,chat,Super helpful staff!,2023-05-22,Neutral
710,social_media,Great customer support!,2023-09-05,Negative
711,email,I hate this service.,2023-03-21,Positive
712,social_media,Very disappointed with the quality.,2023-09-27,Negative
713,social_media,I want a refund.,2023-03-26,Negative
714,chat,I love this product!,2023-09-24,Neutral
715,social_media,Absolutely fantastic!,2023-04-13,Positive
716,chat,Great customer support!,2023-09-25,Positive
717,email,I love this product!,2023-03-17,Negative
718,email,I want a refund.,2023-07-22,Negative
719,social_media,Could be better.,2023-03-21,Negative
720,chat,Could be better.,2023-01-04,Negative
721,social_media,Very disappointed with the quality.,2023-09-02,Positive
722,email,Very disappointed with the quality.,2023-01-06,Negative
723,email,Great customer support!,2023-01-12,Negative
724,social_media,Could be better.,2023-06-23,Negative
725,social_media,I hate this service.,2023-08-20,Positive
726,chat,I hate this service.,2023-01-24,Negative
727,chat,Very disappointed with the quality.,2023-10-20,Negative
728,email,Great customer support!,2023-01-30,Positive
729,chat,I hate this service.,2023-03-06,Neutral
730,social_media,Too slow.,2023-01-17,Positive
731,email,Very disappointed with the quality.,2023-04-18,Neutral
732,social_media,Could be better.,2023-10-24,Negative
733,chat,Very disappointed with the quality.,2023-11-03,Positive
734,email,Too slow.,2023-05-06,Positive
735,social_media,Very disappointed with the quality.,2023-03-10,Positive
736,email,Absolutely fantastic!,2023-08-11,Positive
737,chat,"It was ok, nothing special.",2023-10-01,Positive
738,social_media,Could be better.,2023-02-18,Positive
739,social_media,Absolutely fantastic!,2023-04-22,Neutral
740,social_media,Too slow.,2023-02-21,Negative
741,chat,"It was ok, nothing special.",2023-05-20,Neutral
742,chat,Could be better.,2023-12-22,Positive
743,email,Super helpful staff!,2023-07-22,Positive
744,chat,Super helpful staff!,2023-09-04,Positive
745,email,I hate this service.,2023-06-09,Positive
746,social_media,Absolutely fantastic!,2023-09-25,Positive
747,email,Great customer support!,2023-02-14,Positive
748,chat,Super helpful staff!,2023-12-20,Neutral
749,email,Could be better.,2023-10-26,Neutral
750,chat,"It was ok, nothing special.",2023-04-08,Neutral
751,social_media,Very disappointed with the quality.,2023-04-07,Positive
752,chat,Great customer support!,2023-11-12,Negative
753,social_media,Great customer support!,2023-08-08,Neutral
754,chat,Super helpful staff!,2023-02-14,Negative
755,chat,Super helpful staff!,2023-08-29,Neutral
756,chat,I want a refund.,2023-01-10,Positive
757,social_media,Very disappointed with the quality.,2023-03-05,Negative
758,chat,I want a refund.,2023-10-30,Negative
759,email,Great customer support!,2023-11-21,Positive
760,email,Super helpful staff!,2023-08-04,Neutral
761,email,I want a refund.,2023-02-13,Positive
762,email,Very disappointed with the quality.,2023-03-22,Neutral
763,chat,Great customer support!,2023-06-01,Negative
764,email,I hate this service.,2023-11-01,Neutral
765,chat,Could be better.,2023-02-05,Negative
766,social_media,I hate this service.,2023-12-08,Positive
767,chat,I want a refund.,2023-04-04,Positive
768,social_media,I love this product!,2023-11-12,Neutral
769,chat,Great customer support!,2023-05-04,Neutral
770,chat,Absolutely fantastic!,2023-01-28,Neutral
771,chat,I love this product!,2023-11-21,Neutral
772,social_media,I want a refund.,2023-07-23,Negative
773,email,I want a refund.,2023-06-27,Negative
774,email,I love this product!,2023-01-18,Negative
775,social_media,Great customer support!,2023-09-02,Positive
776,email,Too slow.,2023-11-06,Negative
777,chat,I want a refund.,2023-04-07,Negative
778,email,"It was ok, nothing special.",2023-01-08,Positive
779,social_media,Absolutely fantastic!,2023-11-06,Negative
780,chat,I love this product!,2023-01-05,Neutral
781,email,Could be better.,2023-02-21,Neutral
782,chat,I love this product!,2023-12-12,Positive
783,chat,I love this product!,2023-11-16,Positive
784,chat,Very disappointed with the quality.,2023-10-31,Neutral
785,chat,Very disappointed with the quality.,2023-03-08,Positive
786,chat,Great customer support!,2023-10-05,Negative
787,chat,Too slow.,2023-03-20,Negative
788,chat,Absolutely fantastic!,2023-08-30,Neutral
789,email,I want a refund.,2023-04-30,Neutral
790,chat,I hate this service.,2023-04-25,Neutral
791,social_media,Super helpful staff!,2023-07-01,Positive
792,chat,I want a refund.,2023-12-23,Neutral
793,chat,Too slow.,2023-02-06,Neutral
794,chat,"It was ok, nothing special.",2023-04-01,Positive
795,social_media,Too slow.,2023-05-04,Neutral
796,email,Absolutely fantastic!,2023-02-28,Positive
797,chat,Absolutely fantastic!,2023-12-26,Negative
798,chat,"It was ok, nothing special.",2023-03-08,Positive
799,social_media,I want a refund.,2023-06-29,Negative
800,chat,Too slow.,2023-07-17,Positive
801,social_media,Absolutely fantastic!,2023-01-11,Negative
802,chat,"It was ok, nothing special.",2023-12-01,Neutral
803,chat,"It was ok, nothing special.",2023-10-18,Positive
804,chat,Very disappointed with the quality.,2023-02-13,Negative
805,chat,I love this product!,2023-07-06,Neutral
806,chat,Too slow.,2023-09-06,Neutral
807,email,I love this product!,2023-08-29,Positive
808,chat,"It was ok, nothing special.",2023-01-08,Positive
809,social_media,Could be better.,2023-10-05,Negative
810,chat,Could be better.,2023-02-14,Neutral
811,chat,Very disappointed with the quality.,2023-08-29,Negative
812,social_media,I want a refund.,2023-11-30,Positive
813,social_media,I love this product!,2023-03-17,Neutral
814,email,I want a refund.,2023-04-23,Neutral
815,social_media,I want a refund.,2023-09-19,Negative
816,social_media,Could be better.,2023-10-30,Neutral
817,chat,"It was ok, nothing special.",2023-10-03,Neutral
818,social_media,I hate this service.,2023-03-22,Neutral
819,social_media,"It was ok, nothing special.",2023-06-07,Positive
820,social_media,I love this product!,2023-02-08,Positive
821,chat,I hate this service.,2023-05-24,Negative
822,chat,Too slow.,2023-08-04,Negative
823,social_media,I hate this service.,2023-11-09,Negative
824,email,Too slow.,2023-09-28,Negative
825,email,Too slow.,2023-11-07,Neutral
826,email,Too slow.,2023-01-30,Negative
827,social_media,I want a refund.,2023-03-05,Neutral
828,email,Absolutely fantastic!,2023-01-04,Neutral
829,chat,I want a refund.,2023-08-27,Positive
830,social_media,Very disappointed with the quality.,2023-10-16,Negative
831,email,Great customer support!,2023-06-29,Neutral
832,email,"It was ok, nothing special.",2023-05-12,Negative
833,social_media,Very disappointed with the quality.,2023-12-14,Positive
834,email,Absolutely fantastic!,2023-07-14,Positive
835,chat,Too slow.,2023-03-09,Neutral
836,social_media,Absolutely fantastic!,2023-01-04,Neutral
837,social_media,I love this product!,2023-06-12,Negative
838,social_media,I want a refund.,2023-06-06,Positive
839,social_media,"It was ok, nothing special.",2023-03-06,Positive
840,chat,Super helpful staff!,2023-08-20,Positive
841,email,I want a refund.,2023-11-13,Negative
842,social_media,I want a refund.,2023-03-17,Negative
843,chat,I love this product!,2023-08-02,Negative
844,chat,I hate this service.,2023-09-22,Positive
845,social_media,Super helpful staff!,2023-10-08,Negative
846,chat,Great customer support!,2023-06-15,Neutral
847,social_media,I want a refund.,2023-04-06,Neutral
848,email,I hate this service.,2023-06-25,Neutral
849,chat,Could be better.,2023-02-27,Positive
850,social_media,Super helpful staff!,2023-08-28,Positive
851,chat,"It was ok, nothing special.",2023-03-11,Positive
852,chat,Great customer support!,2023-01-23,Negative
853,social_media,Super helpful staff!,2023-11-14,Positive
854,chat,I hate this service.,2023-04-18,Neutral
855,email,Could be better.,2023-11-30,Positive
856,chat,I want a refund.,2023-10-21,Negative
857,email,Super helpful staff!,2023-04-29,Negative
858,chat,Very disappointed with the quality.,2023-03-03,Negative
859,chat,Too slow.,2023-06-14,Neutral
860,social_media,Super helpful staff!,2023-06-10,Negative
861,chat,I want a refund.,2023-05-14,Positive
862,chat,I love this product!,2023-12-31,Negative
863,email,"It was ok, nothing special.",2023-05-24,Neutral
864,social_media,Great customer support!,2023-10-13,Negative
865,social_media,I hate this service.,2023-02-23,Negative
866,chat,Very disappointed with the quality.,2023-08-23,Positive
867,social_media,Very disappointed with the quality.,2023-05-02,Neutral
868,social_media,Could be better.,2023-07-18,Positive
869,chat,Super helpful staff!,2023-08-20,Positive
870,email,"It was ok, nothing special.",2023-12-07,Positive
871,social_media,Absolutely fantastic!,2023-04-04,Negative
872,email,Great customer support!,2023-07-11,Neutral
873,social_media,Absolutely fantastic!,2023-03-31,Negative
874,email,Super helpful staff!,2023-08-05,Neutral
875,social_media,Absolutely fantastic!,2023-07-23,Positive
876,chat,Great customer support!,2023-03-06,Negative
877,email,"It was ok, nothing special.",2023-01-21,Positive
878,social_media,I love this product!,2023-11-26,Positive
879,chat,Very disappointed with the quality.,2023-11-16,Positive
880,chat,Very disappointed with the quality.,2023-04-02,Positive
881,email,Very disappointed with the quality.,2023-07-25,Positive
882,email,I hate this service.,2023-08-09,Negative
883,chat,Super helpful staff!,2023-01-26,Negative
884,chat,I hate this service.,2023-01-25,Negative
885,chat,Great customer support!,2023-05-01,Negative
886,email,I hate this service.,2023-01-30,Positive
887,chat,Absolutely fantastic!,2023-02-07,Negative
888,social_media,Super helpful staff!,2023-12-23,Neutral
889,social_media,I want a refund.,2023-07-12,Neutral
890,email,I hate this service.,2023-05-06,Negative
891,email,I hate this service.,2023-11-02,Negative
892,social_media,"It was ok, nothing special.",2023-04-05,Negative
893,social_media,I want a refund.,2023-02-23,Negative
894,email,Very disappointed with the quality.,2023-07-09,Positive
895,chat,I love this product!,2023-03-12,Negative
896,chat,Great customer support!,2023-02-28,Negative
897,email,Could be better.,2023-01-21,Positive
898,chat,Absolutely fantastic!,2023-09-11,Negative
899,social_media,Absolutely fantastic!,2023-02-21,Neutral
900,social_media,I hate this service.,2023-09-28,Positive
901,email,I hate this service.,2023-07-04,Positive
902,email,Could be better.,2023-12-26,Negative
903,chat,Could be better.,2023-12-30,Positive
904,email,Great customer support!,2023-08-20,Positive
905,email,Absolutely fantastic!,2023-02-21,Positive
906,email,Great customer support!,2023-11-22,Positive
907,social_media,Absolutely fantastic!,2023-01-16,Negative
908,social_media,Great customer support!,2023-03-04,Neutral
909,email,Could be better.,2023-05-19,Positive
910,social_media,Absolutely fantastic!,2023-08-20,Positive
911,chat,Could be better.,2023-07-06,Neutral
912,social_media,I want a refund.,2023-01-02,Positive
913,email,I love this product!,2023-03-27,Positive
914,social_media,Great customer support!,2023-12-23,Positive
915,social_media,I want a refund.,2023-12-27,Positive
916,email,I love this product!,2023-01-02,Neutral
917,chat,I love this product!,2023-07-03,Negative
918,chat,Super helpful staff!,2023-03-02,Negative
919,chat,Very disappointed with the quality.,2023-08-02,Negative
920,social_media,Absolutely fantastic!,2023-10-19,Positive
921,email,Great customer support!,2023-03-05,Negative
922,social_media,Super helpful staff!,2023-04-19,Positive
923,social_media,Super helpful staff!,2023-01-08,Neutral
924,social_media,Great customer support!,2023-06-08,Positive
925,chat,Could be better.,2023-02-03,Neutral
926,social_media,I want a refund.,2023-01-29,Neutral
927,email,Could be better.,2023-03-01,Negative
928,social_media,Too slow.,2023-09-17,Positive
929,email,Too slow.,2023-08-24,Negative
930,social_media,Too slow.,2023-07-18,Neutral
931,social_media,Absolutely fantastic!,2023-10-02,Neutral
932,chat,Great customer support!,2023-06-03,Negative
933,chat,Great customer support!,2023-11-12,Neutral
934,social_media,Great customer support!,2023-09-20,Positive
935,chat,Super helpful staff!,2023-10-10,Negative
936,email,"It was ok, nothing special.",2023-05-20,Neutral
937,social_media,Very disappointed with the quality.,2023-07-11,Neutral
938,email,I love this product!,2023-12-10,Neutral
939,chat,Absolutely fantastic!,2023-11-28,Positive
940,email,"It was ok, nothing special.",2023-01-05,Negative
941,social_media,"It was ok, nothing special.",2023-12-16,Positive
942,chat,I love this product!,2023-08-08,Positive
943,email,Absolutely fantastic!,2023-08-29,Neutral
944,email,Absolutely fantastic!,2023-11-22,Positive
945,email,Great customer support!,2023-05-19,Negative
946,chat,Too slow.,2023-01-05,Positive
947,social_media,Absolutely fantastic!,2023-08-04,Positive
948,social_media,Could be better.,2023-03-26,Positive
949,email,I hate this service.,2023-12-02,Negative
950,chat,Absolutely fantastic!,2023-10-10,Negative
951,email,Very disappointed with the quality.,2023-04-27,Positive
952,social_media,I hate this service.,2023-09-21,Negative
953,social_media,Absolutely fantastic!,2023-03-23,Neutral
954,chat,I want a refund.,2023-07-02,Negative
955,social_media,"It was ok, nothing special.",2023-10-02,Positive
956,email,Super helpful staff!,2023-06-06,Positive
957,chat,Could be better.,2023-05-11,Negative
958,chat,Great customer support!,2023-01-18,Positive
959,chat,I hate this service.,2023-03-16,Negative
960,social_media,Very disappointed with the quality.,2023-10-18,Neutral
961,chat,Could be better.,2023-01-16,Positive
962,social_media,"It was ok, nothing special.",2023-07-13,Positive
963,social_media,Great customer support!,2023-05-25,Negative
964,social_media,Absolutely fantastic!,2023-03-27,Positive
965,social_media,I want a refund.,2023-12-27,Negative
966,chat,Absolutely fantastic!,2023-08-23,Positive
967,email,Very disappointed with the quality.,2023-11-11,Positive
968,chat,Absolutely fantastic!,2023-05-29,Neutral
969,chat,Very disappointed with the quality.,2023-04-01,Negative
970,social_media,I hate this service.,2023-12-13,Neutral
971,social_media,I want a refund.,2023-05-12,Neutral
972,social_media,Super helpful staff!,2023-08-12,Positive
973,chat,Absolutely fantastic!,2023-09-01,Neutral
974,email,Great customer support!,2023-04-15,Positive
975,chat,I hate this service.,2023-03-11,Neutral
976,chat,I hate this service.,2023-11-28,Neutral
977,chat,Could be better.,2023-06-28,Negative
978,email,Very disappointed with the quality.,2023-03-05,Positive
979,social_media,I want a refund.,2023-01-08,Positive
980,social_media,Could be better.,2023-11-23,Positive
981,social_media,Very disappointed with the quality.,2023-04-06,Negative
982,social_media,I hate this service.,2023-07-13,Positive
983,chat,I hate this service.,2023-06-29,Neutral
984,chat,Great customer support!,2023-08-30,Negative
985,chat,I love this product!,2023-06-23,Positive
986,chat,I want a refund.,2023-03-15,Negative
987,chat,Super helpful staff!,2023-09-30,Neutral
988,social_media,Super helpful staff!,2023-05-16,Negative
989,chat,Great customer support!,2023-07-17,Positive
990,social_media,Very disappointed with the quality.,2023-04-24,Neutral
991,social_media,Could be better.,2023-05-20,Negative
992,social_media,Could be better.,2023-01-11,Neutral
993,email,Could be better.,2023-07-04,Negative
994,email,"It was ok, nothing special.",2023-03-18,Neutral
995,social_media,Absolutely fantastic!,2023-11-09,Positive
996,chat,Great customer support!,2023-05-27,Positive
997,email,Too slow.,2023-06-25,Negative
998,email,I love this product!,2023-05-03,Positive
999,social_media,Very disappointed with the quality.,2023-02-07,Neutral
1000,social_media,I love this product!,2023-05-12,Neutral
1001,social_media,Absolutely fantastic!,2023-05-25,Neutral
1002,social_media,I love this product!,2023-05-23,Positive
1003,social_media,"It was ok, nothing special.",2023-08-06,Positive
1004,chat,Very disappointed with the quality.,2023-09-11,Negative
1005,chat,Great customer support!,2023-01-23,Negative
1006,chat,I want a refund.,2023-08-07,Positive
1007,social_media,Great customer support!,2023-02-10,Neutral
1008,email,I want a refund.,2023-05-09,Negative
1009,chat,Very disappointed with the quality.,2023-05-04,Neutral
1010,email,Too slow.,2023-07-22,Negative
1011,social_media,I hate this service.,2023-02-25,Positive
1012,email,Could be better.,2023-07-14,Neutral
1013,social_media,I love this product!,2023-02-13,Positive
1014,social_media,"It was ok, nothing special.",2023-02-05,Positive
1015,chat,"It was ok, nothing special.",2023-01-19,Positive
1016,chat,Very disappointed with the quality.,2023-06-09,Negative
1017,social_media,"It was ok, nothing special.",2023-08-05,Neutral
1018,social_media,I love this product!,2023-04-29,Negative
1019,email,Very disappointed with the quality.,2023-02-09,Neutral
1020,social_media,I hate this service.,2023-09-04,Negative
1021,chat,I love this product!,2023-04-12,Negative
1022,chat,Could be better.,2023-08-12,Negative
1023,chat,Absolutely fantastic!,2023-01-03,Negative
1024,social_media,Super helpful staff!,2023-03-02,Positive
1025,social_media,I love this product!,2023-01-20,Negative
1026,chat,Could be better.,2023-04-22,Negative
1027,email,Great customer support!,2023-10-01,Negative
1028,chat,Too slow.,2023-04-02,Neutral
1029,chat,"It was ok, nothing special.",2023-10-31,Positive
1030,social_media,Great customer support!,2023-06-23,Neutral
1031,social_media,Great customer support!,2023-07-21,Positive
1032,chat,Too slow.,2023-07-19,Negative
1033,email,I want a refund.,2023-03-02,Negative
1034,social_media,I want a refund.,2023-09-16,Positive
1035,chat,I hate this service.,2023-01-20,Positive
1036,chat,Great customer support!,2023-06-30,Neutral
1037,chat,I love this product!,2023-12-08,Positive
1038,social_media,I hate this service.,2023-01-04,Positive
1039,social_media,Great customer support!,2023-06-29,Positive
1040,chat,Great customer support!,2023-11-23,Neutral
1041,social_media,Absolutely fantastic!,2023-04-02,Neutral
1042,email,Very disappointed with the quality.,2023-04-05,Positive
1043,chat,Too slow.,2023-09-23,Neutral
1044,social_media,I love this product!,2023-01-22,Negative
1045,social_media,Too slow.,2023-08-24,Neutral
1046,social_media,Very disappointed with the quality.,2023-01-11,Negative
1047,chat,Super helpful staff!,2023-02-27,Neutral
1048,chat,Too slow.,2023-07-21,Positive
1049,chat,Super helpful staff!,2023-05-02,Neutral
1050,email,Great customer support!,2023-08-05,Positive
1051,social_media,Could be better.,2023-02-27,Negative
1052,chat,I love this product!,2023-07-30,Negative
1053,social_media,I love this product!,2023-04-03,Neutral
1054,email,Too slow.,2023-07-09,Negative
1055,email,Too slow.,2023-05-05,Negative
1056,email,Could be better.,2023-12-28,Neutral
1057,chat,I hate this service.,2023-06-30,Negative
1058,email,Very disappointed with the quality.,2023-08-05,Neutral
1059,social_media,Too slow.,2023-04-12,Negative
1060,social_media,Too slow.,2023-08-09,Neutral
1061,chat,Super helpful staff!,2023-07-30,Neutral
1062,chat,Too slow.,2023-12-07,Negative
1063,chat,I hate this service.,2023-01-18,Positive
1064,chat,Very disappointed with the quality.,2023-12-01,Positive
1065,social_media,I want a refund.,2023-12-04,Negative
1066,social_media,Could be better.,2023-06-02,Negative
1067,social_media,Great customer support!,2023-11-24,Negative
1068,social_media,I love this product!,2023-09-28,Positive
1069,social_media,Very disappointed with the quality.,2023-10-25,Positive
1070,chat,I hate this service.,2023-12-08,Positive
1071,chat,Too slow.,2023-02-24,Neutral
1072,social_media,I love this product!,2023-03-24,Negative
1073,social_media,"It was ok, nothing special.",2023-04-24,Negative
1074,social_media,Absolutely fantastic!,2023-12-23,Neutral
1075,email,Great customer support!,2023-12-03,Neutral
1076,chat,Super helpful staff!,2023-07-19,Neutral
1077,social_media,Absolutely fantastic!,2023-08-25,Negative
1078,social_media,Absolutely fantastic!,2023-06-04,Positive
1079,social_media,Super helpful staff!,2023-01-24,Neutral
1080,social_media,Absolutely fantastic!,2023-03-31,Positive
1081,social_media,Could be better.,2023-09-21,Positive
1082,email,Great customer support!,2023-10-19,Neutral
1083,email,I love this product!,2023-05-15,Neutral
1084,email,Great customer support!,2023-06-03,Neutral
1085,social_media,Too slow.,2023-07-03,Neutral
1086,email,Super helpful staff!,2023-04-22,Neutral
1087,email,Too slow.,2023-02-10,Negative
1088,social_media,Too slow.,2023-10-05,Positive
1089,email,I hate this service.,2023-10-14,Neutral
1090,chat,I love this product!,2023-10-13,Neutral
1091,chat,Absolutely fantastic!,2023-05-17,Negative
1092,email,Great customer support!,2023-12-17,Positive
1093,chat,"It was ok, nothing special.",2023-06-09,Negative
1094,chat,Absolutely fantastic!,2023-12-06,Negative
1095,social_media,I love this product!,2023-07-18,Negative
1096,email,I hate this service.,2023-02-09,Neutral
1097,email,Could be better.,2023-11-17,Negative
1098,email,Super helpful staff!,2023-05-12,Negative
1099,chat,"It was ok, nothing special.",2023-04-26,Neutral
1100,social_media,Too slow.,2023-03-12,Neutral
1101,email,Very disappointed with the quality.,2023-10-21,Negative
1102,social_media,Absolutely fantastic!,2023-03-26,Positive
1103,email,I hate this service.,2023-01-26,Neutral
1104,email,Super helpful staff!,2023-12-11,Positive
1105,social_media,I love this product!,2023-07-26,Negative
1106,email,I love this product!,2023-02-22,Neutral
1107,chat,Could be better.,2023-06-04,Positive
1108,social_media,Absolutely fantastic!,2023-12-16,Neutral
1109,email,Could be better.,2023-10-29,Positive
1110,social_media,"It was ok, nothing special.",2023-07-21,Positive
1111,chat,I want a refund.,2023-04-05,Neutral
1112,email,Too slow.,2023-07-01,Neutral
1113,email,Very disappointed with the quality.,2023-06-11,Negative
1114,email,Great customer support!,2023-05-29,Neutral
1115,email,Very disappointed with the quality.,2023-08-22,Neutral
1116,social_media,I want a refund.,2023-05-26,Positive
1117,chat,Great customer support!,2023-04-02,Negative
1118,chat,"It was ok, nothing special.",2023-01-07,Positive
1119,chat,"It was ok, nothing special.",2023-12-26,Negative
1120,email,Great customer support!,2023-03-16,Negative
1121,chat,Very disappointed with the quality.,2023-02-08,Neutral
1122,social_media,"It was ok, nothing special.",2023-02-28,Negative
1123,email,Great customer support!,2023-05-15,Neutral
1124,chat,Very disappointed with the quality.,2023-08-31,Positive
1125,chat,Could be better.,2023-02-03,Negative
1126,chat,Absolutely fantastic!,2023-02-10,Negative
1127,chat,I love this product!,2023-12-29,Positive
1128,chat,I want a refund.,2023-05-17,Positive
1129,email,I want a refund.,2023-01-04,Positive
1130,chat,I want a refund.,2023-12-08,Negative
1131,email,Very disappointed with the quality.,2023-11-26,Positive
1132,social_media,I want a refund.,2023-05-12,Positive
1133,chat,Could be better.,2023-09-17,Positive
1134,email,Super helpful staff!,2023-05-04,Negative
1135,social_media,I hate this service.,2023-05-03,Positive
1136,chat,Could be better.,2023-07-13,Negative
1137,email,"It was ok, nothing special.",2023-09-27,Positive
1138,chat,Could be better.,2023-01-10,Negative
1139,chat,Absolutely fantastic!,2023-04-21,Neutral
1140,social_media,I love this product!,2023-04-19,Negative
1141,chat,I love this product!,2023-05-01,Neutral
1142,email,I want a refund.,2023-06-22,Positive
1143,email,"It was ok, nothing special.",2023-12-23,Negative
1144,chat,"It was ok, nothing special.",2023-01-11,Negative
1145,chat,I hate this service.,2023-06-18,Negative
1146,social_media,Could be better.,2023-12-23,Positive
1147,chat,I love this product!,2023-06-24,Neutral
1148,chat,I want a refund.,2023-07-23,Negative
1149,email,I want a refund.,2023-03-27,Negative
1150,email,I love this product!,2023-10-05,Negative
1151,chat,"It was ok, nothing special.",2023-10-14,Negative
1152,social_media,Very disappointed with the quality.,2023-08-10,Negative
1153,chat,I hate this service.,2023-08-18,Negative
1154,email,I hate this service.,2023-05-28,Neutral
1155,email,I hate this service.,2023-02-09,Neutral
1156,email,Great customer support!,2023-10-01,Neutral
1157,social_media,I love this product!,2023-08-06,Negative
1158,email,I hate this service.,2023-11-08,Positive
1159,email,Super helpful staff!,2023-09-17,Negative
1160,social_media,Absolutely fantastic!,2023-04-09,Neutral
1161,chat,I love this product!,2023-11-11,Negative
1162,chat,Super helpful staff!,2023-08-31,Neutral
1163,social_media,Could be better.,2023-03-14,Neutral
1164,email,Could be better.,2023-03-28,Positive
1165,email,I love this product!,2023-06-17,Positive
1166,social_media,Absolutely fantastic!,2023-08-06,Neutral
1167,chat,Absolutely fantastic!,2023-12-26,Neutral
1168,social_media,I love this product!,2023-09-29,Negative
1169,social_media,Could be better.,2023-04-10,Neutral
1170,social_media,Could be better.,2023-12-30,Neutral
1171,social_media,Could be better.,2023-12-13,Neutral
1172,email,I want a refund.,2023-10-14,Negative
1173,email,I hate this service.,2023-04-20,Positive
1174,social_media,Very disappointed with the quality.,2023-09-27,Positive
1175,email,I love this product!,2023-12-21,Positive
1176,email,I love this product!,2023-10-13,Positive
1177,email,Great customer support!,2023-09-30,Positive
1178,social_media,I hate this service.,2023-08-01,Neutral
1179,chat,Too slow.,2023-01-24,Positive
1180,social_media,Could be better.,2023-08-25,Positive
1181,chat,Could be better.,2023-07-14,Neutral
1182,social_media,Absolutely fantastic!,2023-10-23,Neutral
1183,email,I want a refund.,2023-07-09,Neutral
1184,social_media,"It was ok, nothing special.",2023-03-04,Negative
1185,email,I want a refund.,2023-02-27,Positive
1186,chat,I want a refund.,2023-06-21,Neutral
1187,social_media,"It was ok, nothing special.",2023-08-14,Negative
1188,email,I love this product!,2023-02-12,Neutral
1189,chat,Could be better.,2023-01-18,Positive
1190,social_media,I hate this service.,2023-02-01,Positive
1191,email,Too slow.,2023-03-22,Negative
1192,chat,I want a refund.,2023-09-08,Positive
1193,chat,Great customer support!,2023-06-02,Neutral
1194,email,I love this product!,2023-11-21,Neutral
1195,email,Absolutely fantastic!,2023-07-02,Neutral
1196,social_media,I hate this service.,2023-09-08,Neutral
1197,chat,I want a refund.,2023-11-10,Positive
1198,social_media,Absolutely fantastic!,2023-05-20,Negative
1199,chat,I hate this service.,2023-03-12,Positive
1200,social_media,Very disappointed with the quality.,2023-06-22,Positive
